"measure","dateTime","date","value","completeness","quality","qcode"
"http://environment.data.gov.uk/hydrology/id/measures/ea15dfcd-00b7-41d9-91b6-c4fc325d9cb8-gw-dipped-i-mAOD-qualified","1967-11-23T12:00:00","1967-11-23","27.95","","Unchecked",""
"http://environment.data.gov.uk/hydrology/id/measures/ea15dfcd-00b7-41d9-91b6-c4fc325d9cb8-gw-dipped-i-mAOD-qualified","1968-02-22T12:00:00","1968-02-22","29.38","","Unchecked",""
"http://environment.data.gov.uk/hydrology/id/measures/ea15dfcd-00b7-41d9-91b6-c4fc325d9cb8-gw-dipped-i-mAOD-qualified","1968-03-21T12:00:00","1968-03-21","29.46","","Unchecked",""
"http://environment.data.gov.uk/hydrology/id/measures/ea15dfcd-00b7-41d9-91b6-c4fc325d9cb8-gw-dipped-i-mAOD-qualified","1968-04-29T12:00:00","1968-04-29","29.21","","Unchecked",""
"http://environment.data.gov.uk/hydrology/id/measures/ea15dfcd-00b7-41d9-91b6-c4fc325d9cb8-gw-dipped-i-mAOD-qualified","1968-05-29T12:00:00","1968-05-29","28.14","","Unchecked",""
"http://environment.data.gov.uk/hydrology/id/measures/ea15dfcd-00b7-41d9-91b6-c4fc325d9cb8-gw-dipped-i-mAOD-qualified","1968-07-01T12:00:00","1968-07-01","28.38","","Unchecked",""
"http://environment.data.gov.uk/hydrology/id/measures/ea15dfcd-00b7-41d9-91b6-c4fc325d9cb8-gw-dipped-i-mAOD-qualified","1968-08-01T12:00:00","1968-08-01","28.32","","Unchecked",""
"http://environment.data.gov.uk/hydrology/id/measures/ea15dfcd-00b7-41d9-91b6-c4fc325d9cb8-gw-dipped-i-mAOD-qualified","1968-09-05T12:00:00","1968-09-05","28.38","","Unchecked",""
"http://environment.data.gov.uk/hydrology/id/measures/ea15dfcd-00b7-41d9-91b6-c4fc325d9cb8-gw-dipped-i-mAOD-qualified","1968-11-07T12:00:00","1968-11-07","29.14","","Unchecked",""
"http://environment.data.gov.uk/hydrology/id/measures/ea15dfcd-00b7-41d9-91b6-c4fc325d9cb8-gw-dipped-i-mAOD-qualified","1968-12-24T12:00:00","1968-12-24","29.96","","Unchecked",""
"http://environment.data.gov.uk/hydrology/id/measures/ea15dfcd-00b7-41d9-91b6-c4fc325d9cb8-gw-dipped-i-mAOD-qualified","1969-02-03T12:00:00","1969-02-03","30.46","","Unchecked",""
"http://environment.data.gov.uk/hydrology/id/measures/ea15dfcd-00b7-41d9-91b6-c4fc325d9cb8-gw-dipped-i-mAOD-qualified","1969-03-14T12:00:00","1969-03-14","31.76","","Unchecked",""
"http://environment.data.gov.uk/hydrology/id/measures/ea15dfcd-00b7-41d9-91b6-c4fc325d9cb8-gw-dipped-i-mAOD-qualified","1969-04-28T12:00:00","1969-04-28","31.63","","Unchecked",""
"http://environment.data.gov.uk/hydrology/id/measures/ea15dfcd-00b7-41d9-91b6-c4fc325d9cb8-gw-dipped-i-mAOD-qualified","1969-06-09T12:00:00","1969-06-09","31.17","","Unchecked",""
"http://environment.data.gov.uk/hydrology/id/measures/ea15dfcd-00b7-41d9-91b6-c4fc325d9cb8-gw-dipped-i-mAOD-qualified","1969-07-03T12:00:00","1969-07-03","30.85","","Unchecked",""
"http://environment.data.gov.uk/hydrology/id/measures/ea15dfcd-00b7-41d9-91b6-c4fc325d9cb8-gw-dipped-i-mAOD-qualified","1969-08-21T12:00:00","1969-08-21","30.46","","Unchecked",""
"http://environment.data.gov.uk/hydrology/id/measures/ea15dfcd-00b7-41d9-91b6-c4fc325d9cb8-gw-dipped-i-mAOD-qualified","1969-09-08T12:00:00","1969-09-08","30.27","","Unchecked",""
"http://environment.data.gov.uk/hydrology/id/measures/ea15dfcd-00b7-41d9-91b6-c4fc325d9cb8-gw-dipped-i-mAOD-qualified","1969-10-06T12:00:00","1969-10-06","29.4","","Unchecked",""
"http://environment.data.gov.uk/hydrology/id/measures/ea15dfcd-00b7-41d9-91b6-c4fc325d9cb8-gw-dipped-i-mAOD-qualified","1969-11-04T12:00:00","1969-11-04","28.94","","Unchecked",""
"http://environment.data.gov.uk/hydrology/id/measures/ea15dfcd-00b7-41d9-91b6-c4fc325d9cb8-gw-dipped-i-mAOD-qualified","1969-12-31T12:00:00","1969-12-31","29.54","","Unchecked",""
"http://environment.data.gov.uk/hydrology/id/measures/ea15dfcd-00b7-41d9-91b6-c4fc325d9cb8-gw-dipped-i-mAOD-qualified","1970-01-22T12:00:00","1970-01-22","29.46","","Unchecked",""
"http://environment.data.gov.uk/hydrology/id/measures/ea15dfcd-00b7-41d9-91b6-c4fc325d9cb8-gw-dipped-i-mAOD-qualified","1970-02-27T12:00:00","1970-02-27","30.14","","Unchecked",""
"http://environment.data.gov.uk/hydrology/id/measures/ea15dfcd-00b7-41d9-91b6-c4fc325d9cb8-gw-dipped-i-mAOD-qualified","1970-04-10T12:00:00","1970-04-10","30.42","","Unchecked",""
"http://environment.data.gov.uk/hydrology/id/measures/ea15dfcd-00b7-41d9-91b6-c4fc325d9cb8-gw-dipped-i-mAOD-qualified","1970-06-22T12:00:00","1970-06-22","30.03","","Unchecked",""
"http://environment.data.gov.uk/hydrology/id/measures/ea15dfcd-00b7-41d9-91b6-c4fc325d9cb8-gw-dipped-i-mAOD-qualified","1970-08-14T12:00:00","1970-08-14","29.08","","Unchecked",""
"http://environment.data.gov.uk/hydrology/id/measures/ea15dfcd-00b7-41d9-91b6-c4fc325d9cb8-gw-dipped-i-mAOD-qualified","1970-09-17T12:00:00","1970-09-17","28.53","","Unchecked",""
"http://environment.data.gov.uk/hydrology/id/measures/ea15dfcd-00b7-41d9-91b6-c4fc325d9cb8-gw-dipped-i-mAOD-qualified","1970-10-13T12:00:00","1970-10-13","29.33","","Unchecked",""
"http://environment.data.gov.uk/hydrology/id/measures/ea15dfcd-00b7-41d9-91b6-c4fc325d9cb8-gw-dipped-i-mAOD-qualified","1970-11-19T12:00:00","1970-11-19","29.48","","Unchecked",""
"http://environment.data.gov.uk/hydrology/id/measures/ea15dfcd-00b7-41d9-91b6-c4fc325d9cb8-gw-dipped-i-mAOD-qualified","1970-12-14T12:00:00","1970-12-14","29.66","","Unchecked",""
"http://environment.data.gov.uk/hydrology/id/measures/ea15dfcd-00b7-41d9-91b6-c4fc325d9cb8-gw-dipped-i-mAOD-qualified","1971-01-21T12:00:00","1971-01-21","29.81","","Unchecked",""
"http://environment.data.gov.uk/hydrology/id/measures/ea15dfcd-00b7-41d9-91b6-c4fc325d9cb8-gw-dipped-i-mAOD-qualified","1971-02-19T12:00:00","1971-02-19","28.64","","Unchecked",""
"http://environment.data.gov.uk/hydrology/id/measures/ea15dfcd-00b7-41d9-91b6-c4fc325d9cb8-gw-dipped-i-mAOD-qualified","1971-03-22T12:00:00","1971-03-22","29.08","","Unchecked",""
"http://environment.data.gov.uk/hydrology/id/measures/ea15dfcd-00b7-41d9-91b6-c4fc325d9cb8-gw-dipped-i-mAOD-qualified","1971-04-16T12:00:00","1971-04-16","29.37","","Unchecked",""
"http://environment.data.gov.uk/hydrology/id/measures/ea15dfcd-00b7-41d9-91b6-c4fc325d9cb8-gw-dipped-i-mAOD-qualified","1971-05-13T12:00:00","1971-05-13","28.93","","Unchecked",""
"http://environment.data.gov.uk/hydrology/id/measures/ea15dfcd-00b7-41d9-91b6-c4fc325d9cb8-gw-dipped-i-mAOD-qualified","1971-06-21T12:00:00","1971-06-21","28.51","","Unchecked",""
"http://environment.data.gov.uk/hydrology/id/measures/ea15dfcd-00b7-41d9-91b6-c4fc325d9cb8-gw-dipped-i-mAOD-qualified","1971-07-08T12:00:00","1971-07-08","28.39","","Unchecked",""
"http://environment.data.gov.uk/hydrology/id/measures/ea15dfcd-00b7-41d9-91b6-c4fc325d9cb8-gw-dipped-i-mAOD-qualified","1971-10-04T12:00:00","1971-10-04","28.23","","Unchecked",""
"http://environment.data.gov.uk/hydrology/id/measures/ea15dfcd-00b7-41d9-91b6-c4fc325d9cb8-gw-dipped-i-mAOD-qualified","1971-11-08T12:00:00","1971-11-08","28.11","","Unchecked",""
"http://environment.data.gov.uk/hydrology/id/measures/ea15dfcd-00b7-41d9-91b6-c4fc325d9cb8-gw-dipped-i-mAOD-qualified","1971-12-20T12:00:00","1971-12-20","28.38","","Unchecked",""
"http://environment.data.gov.uk/hydrology/id/measures/ea15dfcd-00b7-41d9-91b6-c4fc325d9cb8-gw-dipped-i-mAOD-qualified","1972-01-20T12:00:00","1972-01-20","28.16","","Unchecked",""
"http://environment.data.gov.uk/hydrology/id/measures/ea15dfcd-00b7-41d9-91b6-c4fc325d9cb8-gw-dipped-i-mAOD-qualified","1972-02-17T12:00:00","1972-02-17","27.88","","Unchecked",""
"http://environment.data.gov.uk/hydrology/id/measures/ea15dfcd-00b7-41d9-91b6-c4fc325d9cb8-gw-dipped-i-mAOD-qualified","1972-03-16T12:00:00","1972-03-16","27.94","","Unchecked",""
"http://environment.data.gov.uk/hydrology/id/measures/ea15dfcd-00b7-41d9-91b6-c4fc325d9cb8-gw-dipped-i-mAOD-qualified","1972-04-13T12:00:00","1972-04-13","27.88","","Unchecked",""
"http://environment.data.gov.uk/hydrology/id/measures/ea15dfcd-00b7-41d9-91b6-c4fc325d9cb8-gw-dipped-i-mAOD-qualified","1972-05-24T12:00:00","1972-05-24","28.64","","Unchecked",""
"http://environment.data.gov.uk/hydrology/id/measures/ea15dfcd-00b7-41d9-91b6-c4fc325d9cb8-gw-dipped-i-mAOD-qualified","1972-06-15T12:00:00","1972-06-15","29.2","","Unchecked",""
"http://environment.data.gov.uk/hydrology/id/measures/ea15dfcd-00b7-41d9-91b6-c4fc325d9cb8-gw-dipped-i-mAOD-qualified","1977-06-29T12:00:00","1977-06-29","28.91","","Unchecked",""
"http://environment.data.gov.uk/hydrology/id/measures/ea15dfcd-00b7-41d9-91b6-c4fc325d9cb8-gw-dipped-i-mAOD-qualified","1977-08-24T12:00:00","1977-08-24","27.97","","Unchecked",""
"http://environment.data.gov.uk/hydrology/id/measures/ea15dfcd-00b7-41d9-91b6-c4fc325d9cb8-gw-dipped-i-mAOD-qualified","1977-09-23T12:00:00","1977-09-23","27.88","","Unchecked",""
"http://environment.data.gov.uk/hydrology/id/measures/ea15dfcd-00b7-41d9-91b6-c4fc325d9cb8-gw-dipped-i-mAOD-qualified","1977-10-07T12:00:00","1977-10-07","27.79","","Unchecked",""
"http://environment.data.gov.uk/hydrology/id/measures/ea15dfcd-00b7-41d9-91b6-c4fc325d9cb8-gw-dipped-i-mAOD-qualified","1977-11-18T12:00:00","1977-11-18","27.36","","Unchecked",""
"http://environment.data.gov.uk/hydrology/id/measures/ea15dfcd-00b7-41d9-91b6-c4fc325d9cb8-gw-dipped-i-mAOD-qualified","1977-12-14T12:00:00","1977-12-14","27.22","","Unchecked",""
"http://environment.data.gov.uk/hydrology/id/measures/ea15dfcd-00b7-41d9-91b6-c4fc325d9cb8-gw-dipped-i-mAOD-qualified","1978-01-23T12:00:00","1978-01-23","27.21","","Unchecked",""
"http://environment.data.gov.uk/hydrology/id/measures/ea15dfcd-00b7-41d9-91b6-c4fc325d9cb8-gw-dipped-i-mAOD-qualified","1978-02-24T12:00:00","1978-02-24","27.87","","Unchecked",""
"http://environment.data.gov.uk/hydrology/id/measures/ea15dfcd-00b7-41d9-91b6-c4fc325d9cb8-gw-dipped-i-mAOD-qualified","1978-03-13T12:00:00","1978-03-13","27.36","","Unchecked",""
"http://environment.data.gov.uk/hydrology/id/measures/ea15dfcd-00b7-41d9-91b6-c4fc325d9cb8-gw-dipped-i-mAOD-qualified","1978-04-07T12:00:00","1978-04-07","28.9","","Unchecked",""
"http://environment.data.gov.uk/hydrology/id/measures/ea15dfcd-00b7-41d9-91b6-c4fc325d9cb8-gw-dipped-i-mAOD-qualified","1978-05-12T12:00:00","1978-05-12","29.48","","Unchecked",""
"http://environment.data.gov.uk/hydrology/id/measures/ea15dfcd-00b7-41d9-91b6-c4fc325d9cb8-gw-dipped-i-mAOD-qualified","1978-06-26T12:00:00","1978-06-26","29.44","","Unchecked",""
"http://environment.data.gov.uk/hydrology/id/measures/ea15dfcd-00b7-41d9-91b6-c4fc325d9cb8-gw-dipped-i-mAOD-qualified","1978-07-17T12:00:00","1978-07-17","29.38","","Unchecked",""
"http://environment.data.gov.uk/hydrology/id/measures/ea15dfcd-00b7-41d9-91b6-c4fc325d9cb8-gw-dipped-i-mAOD-qualified","1978-09-18T12:00:00","1978-09-18","28.52","","Unchecked",""
"http://environment.data.gov.uk/hydrology/id/measures/ea15dfcd-00b7-41d9-91b6-c4fc325d9cb8-gw-dipped-i-mAOD-qualified","1978-10-20T12:00:00","1978-10-20","28.29","","Unchecked",""
"http://environment.data.gov.uk/hydrology/id/measures/ea15dfcd-00b7-41d9-91b6-c4fc325d9cb8-gw-dipped-i-mAOD-qualified","1978-11-17T12:00:00","1978-11-17","27.73","","Unchecked",""
"http://environment.data.gov.uk/hydrology/id/measures/ea15dfcd-00b7-41d9-91b6-c4fc325d9cb8-gw-dipped-i-mAOD-qualified","1978-12-07T12:00:00","1978-12-07","27.43","","Unchecked",""
"http://environment.data.gov.uk/hydrology/id/measures/ea15dfcd-00b7-41d9-91b6-c4fc325d9cb8-gw-dipped-i-mAOD-qualified","1979-01-17T12:00:00","1979-01-17","27.54","","Unchecked",""
"http://environment.data.gov.uk/hydrology/id/measures/ea15dfcd-00b7-41d9-91b6-c4fc325d9cb8-gw-dipped-i-mAOD-qualified","1979-02-05T12:00:00","1979-02-05","27.87","","Unchecked",""
"http://environment.data.gov.uk/hydrology/id/measures/ea15dfcd-00b7-41d9-91b6-c4fc325d9cb8-gw-dipped-i-mAOD-qualified","1979-03-12T12:00:00","1979-03-12","29.25","","Unchecked",""
"http://environment.data.gov.uk/hydrology/id/measures/ea15dfcd-00b7-41d9-91b6-c4fc325d9cb8-gw-dipped-i-mAOD-qualified","1979-04-11T12:00:00","1979-04-11","30.11","","Unchecked",""
"http://environment.data.gov.uk/hydrology/id/measures/ea15dfcd-00b7-41d9-91b6-c4fc325d9cb8-gw-dipped-i-mAOD-qualified","1979-05-04T12:00:00","1979-05-04","30.58","","Unchecked",""
"http://environment.data.gov.uk/hydrology/id/measures/ea15dfcd-00b7-41d9-91b6-c4fc325d9cb8-gw-dipped-i-mAOD-qualified","1979-06-08T12:00:00","1979-06-08","30.35","","Unchecked",""
"http://environment.data.gov.uk/hydrology/id/measures/ea15dfcd-00b7-41d9-91b6-c4fc325d9cb8-gw-dipped-i-mAOD-qualified","1979-07-13T12:00:00","1979-07-13","30.06","","Unchecked",""
"http://environment.data.gov.uk/hydrology/id/measures/ea15dfcd-00b7-41d9-91b6-c4fc325d9cb8-gw-dipped-i-mAOD-qualified","1979-09-10T12:00:00","1979-09-10","28.75","","Unchecked",""
"http://environment.data.gov.uk/hydrology/id/measures/ea15dfcd-00b7-41d9-91b6-c4fc325d9cb8-gw-dipped-i-mAOD-qualified","1979-10-03T12:00:00","1979-10-03","28.38","","Unchecked",""
"http://environment.data.gov.uk/hydrology/id/measures/ea15dfcd-00b7-41d9-91b6-c4fc325d9cb8-gw-dipped-i-mAOD-qualified","1979-11-23T12:00:00","1979-11-23","27.88","","Unchecked",""
"http://environment.data.gov.uk/hydrology/id/measures/ea15dfcd-00b7-41d9-91b6-c4fc325d9cb8-gw-dipped-i-mAOD-qualified","1979-12-17T12:00:00","1979-12-17","27.59","","Unchecked",""
"http://environment.data.gov.uk/hydrology/id/measures/ea15dfcd-00b7-41d9-91b6-c4fc325d9cb8-gw-dipped-i-mAOD-qualified","1980-01-07T12:00:00","1980-01-07","27.97","","Unchecked",""
"http://environment.data.gov.uk/hydrology/id/measures/ea15dfcd-00b7-41d9-91b6-c4fc325d9cb8-gw-dipped-i-mAOD-qualified","1980-02-04T12:00:00","1980-02-04","28.33","","Unchecked",""
"http://environment.data.gov.uk/hydrology/id/measures/ea15dfcd-00b7-41d9-91b6-c4fc325d9cb8-gw-dipped-i-mAOD-qualified","1980-03-07T12:00:00","1980-03-07","29.76","","Unchecked",""
"http://environment.data.gov.uk/hydrology/id/measures/ea15dfcd-00b7-41d9-91b6-c4fc325d9cb8-gw-dipped-i-mAOD-qualified","1980-04-11T12:00:00","1980-04-11","29.26","","Unchecked",""
"http://environment.data.gov.uk/hydrology/id/measures/ea15dfcd-00b7-41d9-91b6-c4fc325d9cb8-gw-dipped-i-mAOD-qualified","1980-05-09T12:00:00","1980-05-09","29.08","","Unchecked",""
"http://environment.data.gov.uk/hydrology/id/measures/ea15dfcd-00b7-41d9-91b6-c4fc325d9cb8-gw-dipped-i-mAOD-qualified","1980-06-11T12:00:00","1980-06-11","28.48","","Unchecked",""
"http://environment.data.gov.uk/hydrology/id/measures/ea15dfcd-00b7-41d9-91b6-c4fc325d9cb8-gw-dipped-i-mAOD-qualified","1980-07-16T12:00:00","1980-07-16","27.46","","Unchecked",""
"http://environment.data.gov.uk/hydrology/id/measures/ea15dfcd-00b7-41d9-91b6-c4fc325d9cb8-gw-dipped-i-mAOD-qualified","1980-08-04T12:00:00","1980-08-04","27.9","","Unchecked",""
"http://environment.data.gov.uk/hydrology/id/measures/ea15dfcd-00b7-41d9-91b6-c4fc325d9cb8-gw-dipped-i-mAOD-qualified","1980-10-08T12:00:00","1980-10-08","27.17","","Unchecked",""
"http://environment.data.gov.uk/hydrology/id/measures/ea15dfcd-00b7-41d9-91b6-c4fc325d9cb8-gw-dipped-i-mAOD-qualified","1980-11-07T12:00:00","1980-11-07","27.05","","Unchecked",""
"http://environment.data.gov.uk/hydrology/id/measures/ea15dfcd-00b7-41d9-91b6-c4fc325d9cb8-gw-dipped-i-mAOD-qualified","1980-12-06T12:00:00","1980-12-06","27.22","","Unchecked",""
"http://environment.data.gov.uk/hydrology/id/measures/ea15dfcd-00b7-41d9-91b6-c4fc325d9cb8-gw-dipped-i-mAOD-qualified","1981-01-12T12:00:00","1981-01-12","27.57","","Unchecked",""
"http://environment.data.gov.uk/hydrology/id/measures/ea15dfcd-00b7-41d9-91b6-c4fc325d9cb8-gw-dipped-i-mAOD-qualified","1981-02-04T12:00:00","1981-02-04","27.85","","Unchecked",""
"http://environment.data.gov.uk/hydrology/id/measures/ea15dfcd-00b7-41d9-91b6-c4fc325d9cb8-gw-dipped-i-mAOD-qualified","1981-03-04T12:00:00","1981-03-04","28.03","","Unchecked",""
"http://environment.data.gov.uk/hydrology/id/measures/ea15dfcd-00b7-41d9-91b6-c4fc325d9cb8-gw-dipped-i-mAOD-qualified","1981-05-06T12:00:00","1981-05-06","29.09","","Unchecked",""
"http://environment.data.gov.uk/hydrology/id/measures/ea15dfcd-00b7-41d9-91b6-c4fc325d9cb8-gw-dipped-i-mAOD-qualified","1981-06-08T12:00:00","1981-06-08","29.51","","Unchecked",""
"http://environment.data.gov.uk/hydrology/id/measures/ea15dfcd-00b7-41d9-91b6-c4fc325d9cb8-gw-dipped-i-mAOD-qualified","1981-07-03T12:00:00","1981-07-03","29.4","","Unchecked",""
"http://environment.data.gov.uk/hydrology/id/measures/ea15dfcd-00b7-41d9-91b6-c4fc325d9cb8-gw-dipped-i-mAOD-qualified","1981-08-05T12:00:00","1981-08-05","28.89","","Unchecked",""
"http://environment.data.gov.uk/hydrology/id/measures/ea15dfcd-00b7-41d9-91b6-c4fc325d9cb8-gw-dipped-i-mAOD-qualified","1981-09-09T12:00:00","1981-09-09","28.3","","Unchecked",""
"http://environment.data.gov.uk/hydrology/id/measures/ea15dfcd-00b7-41d9-91b6-c4fc325d9cb8-gw-dipped-i-mAOD-qualified","1981-10-09T12:00:00","1981-10-09","27.94","","Unchecked",""
"http://environment.data.gov.uk/hydrology/id/measures/ea15dfcd-00b7-41d9-91b6-c4fc325d9cb8-gw-dipped-i-mAOD-qualified","1981-11-04T12:00:00","1981-11-04","27.77","","Unchecked",""
"http://environment.data.gov.uk/hydrology/id/measures/ea15dfcd-00b7-41d9-91b6-c4fc325d9cb8-gw-dipped-i-mAOD-qualified","1981-12-04T12:00:00","1981-12-04","27.7","","Unchecked",""
"http://environment.data.gov.uk/hydrology/id/measures/ea15dfcd-00b7-41d9-91b6-c4fc325d9cb8-gw-dipped-i-mAOD-qualified","1982-01-11T12:00:00","1982-01-11","28.02","","Unchecked",""
"http://environment.data.gov.uk/hydrology/id/measures/ea15dfcd-00b7-41d9-91b6-c4fc325d9cb8-gw-dipped-i-mAOD-qualified","1982-02-05T12:00:00","1982-02-05","28.61","","Unchecked",""
"http://environment.data.gov.uk/hydrology/id/measures/ea15dfcd-00b7-41d9-91b6-c4fc325d9cb8-gw-dipped-i-mAOD-qualified","1982-03-12T12:00:00","1982-03-12","28.92","","Unchecked",""
"http://environment.data.gov.uk/hydrology/id/measures/ea15dfcd-00b7-41d9-91b6-c4fc325d9cb8-gw-dipped-i-mAOD-qualified","1982-04-05T12:00:00","1982-04-05","28.91","","Unchecked",""
"http://environment.data.gov.uk/hydrology/id/measures/ea15dfcd-00b7-41d9-91b6-c4fc325d9cb8-gw-dipped-i-mAOD-qualified","1982-05-07T12:00:00","1982-05-07","28.72","","Unchecked",""
"http://environment.data.gov.uk/hydrology/id/measures/ea15dfcd-00b7-41d9-91b6-c4fc325d9cb8-gw-dipped-i-mAOD-qualified","1982-06-04T12:00:00","1982-06-04","28.4","","Unchecked",""
"http://environment.data.gov.uk/hydrology/id/measures/ea15dfcd-00b7-41d9-91b6-c4fc325d9cb8-gw-dipped-i-mAOD-qualified","1982-07-05T12:00:00","1982-07-05","28.06","","Unchecked",""
"http://environment.data.gov.uk/hydrology/id/measures/ea15dfcd-00b7-41d9-91b6-c4fc325d9cb8-gw-dipped-i-mAOD-qualified","1982-08-04T12:00:00","1982-08-04","27.74","","Unchecked",""
"http://environment.data.gov.uk/hydrology/id/measures/ea15dfcd-00b7-41d9-91b6-c4fc325d9cb8-gw-dipped-i-mAOD-qualified","1982-09-03T12:00:00","1982-09-03","27.27","","Unchecked",""
"http://environment.data.gov.uk/hydrology/id/measures/ea15dfcd-00b7-41d9-91b6-c4fc325d9cb8-gw-dipped-i-mAOD-qualified","1982-10-08T12:00:00","1982-10-08","26.92","","Unchecked",""
"http://environment.data.gov.uk/hydrology/id/measures/ea15dfcd-00b7-41d9-91b6-c4fc325d9cb8-gw-dipped-i-mAOD-qualified","1982-11-03T12:00:00","1982-11-03","27.23","","Unchecked",""
"http://environment.data.gov.uk/hydrology/id/measures/ea15dfcd-00b7-41d9-91b6-c4fc325d9cb8-gw-dipped-i-mAOD-qualified","1982-12-03T12:00:00","1982-12-03","27.74","","Unchecked",""
"http://environment.data.gov.uk/hydrology/id/measures/ea15dfcd-00b7-41d9-91b6-c4fc325d9cb8-gw-dipped-i-mAOD-qualified","1983-01-07T12:00:00","1983-01-07","28.7","","Unchecked",""
"http://environment.data.gov.uk/hydrology/id/measures/ea15dfcd-00b7-41d9-91b6-c4fc325d9cb8-gw-dipped-i-mAOD-qualified","1983-02-09T12:00:00","1983-02-09","29.04","","Unchecked",""
"http://environment.data.gov.uk/hydrology/id/measures/ea15dfcd-00b7-41d9-91b6-c4fc325d9cb8-gw-dipped-i-mAOD-qualified","1983-03-07T12:00:00","1983-03-07","29.28","","Unchecked",""
"http://environment.data.gov.uk/hydrology/id/measures/ea15dfcd-00b7-41d9-91b6-c4fc325d9cb8-gw-dipped-i-mAOD-qualified","1983-04-06T12:00:00","1983-04-06","29.31","","Unchecked",""
"http://environment.data.gov.uk/hydrology/id/measures/ea15dfcd-00b7-41d9-91b6-c4fc325d9cb8-gw-dipped-i-mAOD-qualified","1983-05-18T12:00:00","1983-05-18","29.66","","Unchecked",""
"http://environment.data.gov.uk/hydrology/id/measures/ea15dfcd-00b7-41d9-91b6-c4fc325d9cb8-gw-dipped-i-mAOD-qualified","1983-06-03T12:00:00","1983-06-03","30.14","","Unchecked",""
"http://environment.data.gov.uk/hydrology/id/measures/ea15dfcd-00b7-41d9-91b6-c4fc325d9cb8-gw-dipped-i-mAOD-qualified","1983-07-04T12:00:00","1983-07-04","30.32","","Unchecked",""
"http://environment.data.gov.uk/hydrology/id/measures/ea15dfcd-00b7-41d9-91b6-c4fc325d9cb8-gw-dipped-i-mAOD-qualified","1983-08-05T12:00:00","1983-08-05","29.59","","Unchecked",""
"http://environment.data.gov.uk/hydrology/id/measures/ea15dfcd-00b7-41d9-91b6-c4fc325d9cb8-gw-dipped-i-mAOD-qualified","1983-09-05T12:00:00","1983-09-05","28.87","","Unchecked",""
"http://environment.data.gov.uk/hydrology/id/measures/ea15dfcd-00b7-41d9-91b6-c4fc325d9cb8-gw-dipped-i-mAOD-qualified","1983-10-10T12:00:00","1983-10-10","28.37","","Unchecked",""
"http://environment.data.gov.uk/hydrology/id/measures/ea15dfcd-00b7-41d9-91b6-c4fc325d9cb8-gw-dipped-i-mAOD-qualified","1983-11-14T12:00:00","1983-11-14","27.92","","Unchecked",""
"http://environment.data.gov.uk/hydrology/id/measures/ea15dfcd-00b7-41d9-91b6-c4fc325d9cb8-gw-dipped-i-mAOD-qualified","1983-12-12T12:00:00","1983-12-12","27.64","","Unchecked",""
"http://environment.data.gov.uk/hydrology/id/measures/ea15dfcd-00b7-41d9-91b6-c4fc325d9cb8-gw-dipped-i-mAOD-qualified","1984-01-06T12:00:00","1984-01-06","27.69","","Unchecked",""
"http://environment.data.gov.uk/hydrology/id/measures/ea15dfcd-00b7-41d9-91b6-c4fc325d9cb8-gw-dipped-i-mAOD-qualified","1984-02-06T12:00:00","1984-02-06","28.1","","Unchecked",""
"http://environment.data.gov.uk/hydrology/id/measures/ea15dfcd-00b7-41d9-91b6-c4fc325d9cb8-gw-dipped-i-mAOD-qualified","1984-03-05T12:00:00","1984-03-05","29.05","","Unchecked",""
"http://environment.data.gov.uk/hydrology/id/measures/ea15dfcd-00b7-41d9-91b6-c4fc325d9cb8-gw-dipped-i-mAOD-qualified","1984-04-06T12:00:00","1984-04-06","29.19","","Unchecked",""
"http://environment.data.gov.uk/hydrology/id/measures/ea15dfcd-00b7-41d9-91b6-c4fc325d9cb8-gw-dipped-i-mAOD-qualified","1984-05-11T12:00:00","1984-05-11","28.92","","Unchecked",""
"http://environment.data.gov.uk/hydrology/id/measures/ea15dfcd-00b7-41d9-91b6-c4fc325d9cb8-gw-dipped-i-mAOD-qualified","1984-06-29T12:00:00","1984-06-29","28.83","","Unchecked",""
"http://environment.data.gov.uk/hydrology/id/measures/ea15dfcd-00b7-41d9-91b6-c4fc325d9cb8-gw-dipped-i-mAOD-qualified","1984-07-19T12:00:00","1984-07-19","28.75","","Unchecked",""
"http://environment.data.gov.uk/hydrology/id/measures/ea15dfcd-00b7-41d9-91b6-c4fc325d9cb8-gw-dipped-i-mAOD-qualified","1984-08-15T12:00:00","1984-08-15","28.3","","Unchecked",""
"http://environment.data.gov.uk/hydrology/id/measures/ea15dfcd-00b7-41d9-91b6-c4fc325d9cb8-gw-dipped-i-mAOD-qualified","1984-10-01T12:00:00","1984-10-01","27.77","","Unchecked",""
"http://environment.data.gov.uk/hydrology/id/measures/ea15dfcd-00b7-41d9-91b6-c4fc325d9cb8-gw-dipped-i-mAOD-qualified","1984-11-05T12:00:00","1984-11-05","27.66","","Unchecked",""
"http://environment.data.gov.uk/hydrology/id/measures/ea15dfcd-00b7-41d9-91b6-c4fc325d9cb8-gw-dipped-i-mAOD-qualified","1984-12-03T12:00:00","1984-12-03","27.78","","Unchecked",""
"http://environment.data.gov.uk/hydrology/id/measures/ea15dfcd-00b7-41d9-91b6-c4fc325d9cb8-gw-dipped-i-mAOD-qualified","1985-01-03T12:00:00","1985-01-03","28.36","","Unchecked",""
"http://environment.data.gov.uk/hydrology/id/measures/ea15dfcd-00b7-41d9-91b6-c4fc325d9cb8-gw-dipped-i-mAOD-qualified","1985-02-12T12:00:00","1985-02-12","28.91","","Unchecked",""
"http://environment.data.gov.uk/hydrology/id/measures/ea15dfcd-00b7-41d9-91b6-c4fc325d9cb8-gw-dipped-i-mAOD-qualified","1985-03-08T12:00:00","1985-03-08","29.15","","Unchecked",""
"http://environment.data.gov.uk/hydrology/id/measures/ea15dfcd-00b7-41d9-91b6-c4fc325d9cb8-gw-dipped-i-mAOD-qualified","1985-04-24T12:00:00","1985-04-24","29.13","","Unchecked",""
"http://environment.data.gov.uk/hydrology/id/measures/ea15dfcd-00b7-41d9-91b6-c4fc325d9cb8-gw-dipped-i-mAOD-qualified","1985-05-09T12:00:00","1985-05-09","28.97","","Unchecked",""
"http://environment.data.gov.uk/hydrology/id/measures/ea15dfcd-00b7-41d9-91b6-c4fc325d9cb8-gw-dipped-i-mAOD-qualified","1985-06-20T12:00:00","1985-06-20","28.79","","Unchecked",""
"http://environment.data.gov.uk/hydrology/id/measures/ea15dfcd-00b7-41d9-91b6-c4fc325d9cb8-gw-dipped-i-mAOD-qualified","1985-07-04T12:00:00","1985-07-04","28.88","","Unchecked",""
"http://environment.data.gov.uk/hydrology/id/measures/ea15dfcd-00b7-41d9-91b6-c4fc325d9cb8-gw-dipped-i-mAOD-qualified","1985-08-07T12:00:00","1985-08-07","28.51","","Unchecked",""
"http://environment.data.gov.uk/hydrology/id/measures/ea15dfcd-00b7-41d9-91b6-c4fc325d9cb8-gw-dipped-i-mAOD-qualified","1985-09-10T12:00:00","1985-09-10","28.11","","Unchecked",""
"http://environment.data.gov.uk/hydrology/id/measures/ea15dfcd-00b7-41d9-91b6-c4fc325d9cb8-gw-dipped-i-mAOD-qualified","1985-10-21T12:00:00","1985-10-21","27.54","","Unchecked",""
"http://environment.data.gov.uk/hydrology/id/measures/ea15dfcd-00b7-41d9-91b6-c4fc325d9cb8-gw-dipped-i-mAOD-qualified","1985-11-06T12:00:00","1985-11-06","27.33","","Unchecked",""
"http://environment.data.gov.uk/hydrology/id/measures/ea15dfcd-00b7-41d9-91b6-c4fc325d9cb8-gw-dipped-i-mAOD-qualified","1985-12-04T12:00:00","1985-12-04","27.1","","Unchecked",""
"http://environment.data.gov.uk/hydrology/id/measures/ea15dfcd-00b7-41d9-91b6-c4fc325d9cb8-gw-dipped-i-mAOD-qualified","1986-01-13T12:00:00","1986-01-13","27.2","","Unchecked",""
"http://environment.data.gov.uk/hydrology/id/measures/ea15dfcd-00b7-41d9-91b6-c4fc325d9cb8-gw-dipped-i-mAOD-qualified","1986-02-07T12:00:00","1986-02-07","27.63","","Unchecked",""
"http://environment.data.gov.uk/hydrology/id/measures/ea15dfcd-00b7-41d9-91b6-c4fc325d9cb8-gw-dipped-i-mAOD-qualified","1986-03-11T12:00:00","1986-03-11","27.93","","Unchecked",""
"http://environment.data.gov.uk/hydrology/id/measures/ea15dfcd-00b7-41d9-91b6-c4fc325d9cb8-gw-dipped-i-mAOD-qualified","1986-04-14T12:00:00","1986-04-14","27.94","","Unchecked",""
"http://environment.data.gov.uk/hydrology/id/measures/ea15dfcd-00b7-41d9-91b6-c4fc325d9cb8-gw-dipped-i-mAOD-qualified","1986-05-09T12:00:00","1986-05-09","28.19","","Unchecked",""
"http://environment.data.gov.uk/hydrology/id/measures/ea15dfcd-00b7-41d9-91b6-c4fc325d9cb8-gw-dipped-i-mAOD-qualified","1986-06-05T12:00:00","1986-06-05","28.25","","Unchecked",""
"http://environment.data.gov.uk/hydrology/id/measures/ea15dfcd-00b7-41d9-91b6-c4fc325d9cb8-gw-dipped-i-mAOD-qualified","1986-07-04T12:00:00","1986-07-04","27.66","","Unchecked",""
"http://environment.data.gov.uk/hydrology/id/measures/ea15dfcd-00b7-41d9-91b6-c4fc325d9cb8-gw-dipped-i-mAOD-qualified","1986-08-13T12:00:00","1986-08-13","27.19","","Unchecked",""
"http://environment.data.gov.uk/hydrology/id/measures/ea15dfcd-00b7-41d9-91b6-c4fc325d9cb8-gw-dipped-i-mAOD-qualified","1986-09-19T12:00:00","1986-09-19","27.01","","Unchecked",""
"http://environment.data.gov.uk/hydrology/id/measures/ea15dfcd-00b7-41d9-91b6-c4fc325d9cb8-gw-dipped-i-mAOD-qualified","1986-10-10T12:00:00","1986-10-10","26.88","","Unchecked",""
"http://environment.data.gov.uk/hydrology/id/measures/ea15dfcd-00b7-41d9-91b6-c4fc325d9cb8-gw-dipped-i-mAOD-qualified","1986-11-07T12:00:00","1986-11-07","26.8","","Unchecked",""
"http://environment.data.gov.uk/hydrology/id/measures/ea15dfcd-00b7-41d9-91b6-c4fc325d9cb8-gw-dipped-i-mAOD-qualified","1986-12-04T12:00:00","1986-12-04","27.11","","Unchecked",""
"http://environment.data.gov.uk/hydrology/id/measures/ea15dfcd-00b7-41d9-91b6-c4fc325d9cb8-gw-dipped-i-mAOD-qualified","1987-01-12T12:00:00","1987-01-12","27.83","","Unchecked",""
"http://environment.data.gov.uk/hydrology/id/measures/ea15dfcd-00b7-41d9-91b6-c4fc325d9cb8-gw-dipped-i-mAOD-qualified","1987-02-10T12:00:00","1987-02-10","28.3","","Unchecked",""
"http://environment.data.gov.uk/hydrology/id/measures/ea15dfcd-00b7-41d9-91b6-c4fc325d9cb8-gw-dipped-i-mAOD-qualified","1987-03-11T12:00:00","1987-03-11","28.27","","Unchecked",""
"http://environment.data.gov.uk/hydrology/id/measures/ea15dfcd-00b7-41d9-91b6-c4fc325d9cb8-gw-dipped-i-mAOD-qualified","1987-04-09T12:00:00","1987-04-09","28.37","","Unchecked",""
"http://environment.data.gov.uk/hydrology/id/measures/ea15dfcd-00b7-41d9-91b6-c4fc325d9cb8-gw-dipped-i-mAOD-qualified","1987-05-07T12:00:00","1987-05-07","28.66","","Unchecked",""
"http://environment.data.gov.uk/hydrology/id/measures/ea15dfcd-00b7-41d9-91b6-c4fc325d9cb8-gw-dipped-i-mAOD-qualified","1987-06-03T12:00:00","1987-06-03","28.64","","Unchecked",""
"http://environment.data.gov.uk/hydrology/id/measures/ea15dfcd-00b7-41d9-91b6-c4fc325d9cb8-gw-dipped-i-mAOD-qualified","1987-07-16T12:00:00","1987-07-16","28.81","","Unchecked",""
"http://environment.data.gov.uk/hydrology/id/measures/ea15dfcd-00b7-41d9-91b6-c4fc325d9cb8-gw-dipped-i-mAOD-qualified","1987-08-12T12:00:00","1987-08-12","28.73","","Unchecked",""
"http://environment.data.gov.uk/hydrology/id/measures/ea15dfcd-00b7-41d9-91b6-c4fc325d9cb8-gw-dipped-i-mAOD-qualified","1987-09-09T12:00:00","1987-09-09","29.68","","Unchecked",""
"http://environment.data.gov.uk/hydrology/id/measures/ea15dfcd-00b7-41d9-91b6-c4fc325d9cb8-gw-dipped-i-mAOD-qualified","1987-10-08T12:00:00","1987-10-08","28.96","","Unchecked",""
"http://environment.data.gov.uk/hydrology/id/measures/ea15dfcd-00b7-41d9-91b6-c4fc325d9cb8-gw-dipped-i-mAOD-qualified","1987-11-17T12:00:00","1987-11-17","29.62","","Unchecked",""
"http://environment.data.gov.uk/hydrology/id/measures/ea15dfcd-00b7-41d9-91b6-c4fc325d9cb8-gw-dipped-i-mAOD-qualified","1987-12-14T12:00:00","1987-12-14","29.9","","Unchecked",""
"http://environment.data.gov.uk/hydrology/id/measures/ea15dfcd-00b7-41d9-91b6-c4fc325d9cb8-gw-dipped-i-mAOD-qualified","1988-01-21T12:00:00","1988-01-21","29.85","","Unchecked",""
"http://environment.data.gov.uk/hydrology/id/measures/ea15dfcd-00b7-41d9-91b6-c4fc325d9cb8-gw-dipped-i-mAOD-qualified","1988-02-11T12:00:00","1988-02-11","30.66","","Unchecked",""
"http://environment.data.gov.uk/hydrology/id/measures/ea15dfcd-00b7-41d9-91b6-c4fc325d9cb8-gw-dipped-i-mAOD-qualified","1988-03-08T12:00:00","1988-03-08","30.98","","Unchecked",""
"http://environment.data.gov.uk/hydrology/id/measures/ea15dfcd-00b7-41d9-91b6-c4fc325d9cb8-gw-dipped-i-mAOD-qualified","1988-04-14T12:00:00","1988-04-14","30.97","","Unchecked",""
"http://environment.data.gov.uk/hydrology/id/measures/ea15dfcd-00b7-41d9-91b6-c4fc325d9cb8-gw-dipped-i-mAOD-qualified","1988-05-09T12:00:00","1988-05-09","31.0","","Unchecked",""
"http://environment.data.gov.uk/hydrology/id/measures/ea15dfcd-00b7-41d9-91b6-c4fc325d9cb8-gw-dipped-i-mAOD-qualified","1988-06-15T12:00:00","1988-06-15","30.34","","Unchecked",""
"http://environment.data.gov.uk/hydrology/id/measures/ea15dfcd-00b7-41d9-91b6-c4fc325d9cb8-gw-dipped-i-mAOD-qualified","1988-07-13T12:00:00","1988-07-13","29.78","","Unchecked",""
"http://environment.data.gov.uk/hydrology/id/measures/ea15dfcd-00b7-41d9-91b6-c4fc325d9cb8-gw-dipped-i-mAOD-qualified","1988-08-12T12:00:00","1988-08-12","29.39","","Unchecked",""
"http://environment.data.gov.uk/hydrology/id/measures/ea15dfcd-00b7-41d9-91b6-c4fc325d9cb8-gw-dipped-i-mAOD-qualified","1988-09-09T12:00:00","1988-09-09","28.91","","Unchecked",""
"http://environment.data.gov.uk/hydrology/id/measures/ea15dfcd-00b7-41d9-91b6-c4fc325d9cb8-gw-dipped-i-mAOD-qualified","1988-10-10T12:00:00","1988-10-10","28.53","","Unchecked",""
"http://environment.data.gov.uk/hydrology/id/measures/ea15dfcd-00b7-41d9-91b6-c4fc325d9cb8-gw-dipped-i-mAOD-qualified","1988-11-14T12:00:00","1988-11-14","28.24","","Unchecked",""
"http://environment.data.gov.uk/hydrology/id/measures/ea15dfcd-00b7-41d9-91b6-c4fc325d9cb8-gw-dipped-i-mAOD-qualified","1988-12-16T12:00:00","1988-12-16","28.01","","Unchecked",""
"http://environment.data.gov.uk/hydrology/id/measures/ea15dfcd-00b7-41d9-91b6-c4fc325d9cb8-gw-dipped-i-mAOD-qualified","1989-01-26T12:00:00","1989-01-26","27.9","","Unchecked",""
"http://environment.data.gov.uk/hydrology/id/measures/ea15dfcd-00b7-41d9-91b6-c4fc325d9cb8-gw-dipped-i-mAOD-qualified","1989-03-06T12:00:00","1989-03-06","27.96","","Unchecked",""
"http://environment.data.gov.uk/hydrology/id/measures/ea15dfcd-00b7-41d9-91b6-c4fc325d9cb8-gw-dipped-i-mAOD-qualified","1989-04-03T12:00:00","1989-04-03","28.23","","Unchecked",""
"http://environment.data.gov.uk/hydrology/id/measures/ea15dfcd-00b7-41d9-91b6-c4fc325d9cb8-gw-dipped-i-mAOD-qualified","1989-05-18T12:00:00","1989-05-18","28.54","","Unchecked",""
"http://environment.data.gov.uk/hydrology/id/measures/ea15dfcd-00b7-41d9-91b6-c4fc325d9cb8-gw-dipped-i-mAOD-qualified","1989-06-16T12:00:00","1989-06-16","27.99","","Unchecked",""
"http://environment.data.gov.uk/hydrology/id/measures/ea15dfcd-00b7-41d9-91b6-c4fc325d9cb8-gw-dipped-i-mAOD-qualified","1989-07-13T12:00:00","1989-07-13","27.49","","Unchecked",""
"http://environment.data.gov.uk/hydrology/id/measures/ea15dfcd-00b7-41d9-91b6-c4fc325d9cb8-gw-dipped-i-mAOD-qualified","1989-08-21T12:00:00","1989-08-21","25.98","","Unchecked",""
"http://environment.data.gov.uk/hydrology/id/measures/ea15dfcd-00b7-41d9-91b6-c4fc325d9cb8-gw-dipped-i-mAOD-qualified","1989-09-18T12:00:00","1989-09-18","26.38","","Unchecked",""
"http://environment.data.gov.uk/hydrology/id/measures/ea15dfcd-00b7-41d9-91b6-c4fc325d9cb8-gw-dipped-i-mAOD-qualified","1989-10-17T12:00:00","1989-10-17","25.43","","Unchecked",""
"http://environment.data.gov.uk/hydrology/id/measures/ea15dfcd-00b7-41d9-91b6-c4fc325d9cb8-gw-dipped-i-mAOD-qualified","1989-11-13T12:00:00","1989-11-13","25.43","","Unchecked",""
"http://environment.data.gov.uk/hydrology/id/measures/ea15dfcd-00b7-41d9-91b6-c4fc325d9cb8-gw-dipped-i-mAOD-qualified","1989-12-14T12:00:00","1989-12-14","25.43","","Unchecked",""
"http://environment.data.gov.uk/hydrology/id/measures/ea15dfcd-00b7-41d9-91b6-c4fc325d9cb8-gw-dipped-i-mAOD-qualified","1990-01-19T12:00:00","1990-01-19","26.93","","Unchecked",""
"http://environment.data.gov.uk/hydrology/id/measures/ea15dfcd-00b7-41d9-91b6-c4fc325d9cb8-gw-dipped-i-mAOD-qualified","1990-03-19T12:00:00","1990-03-19","27.48","","Unchecked",""
"http://environment.data.gov.uk/hydrology/id/measures/ea15dfcd-00b7-41d9-91b6-c4fc325d9cb8-gw-dipped-i-mAOD-qualified","1990-04-27T12:00:00","1990-04-27","27.83","","Unchecked",""
"http://environment.data.gov.uk/hydrology/id/measures/ea15dfcd-00b7-41d9-91b6-c4fc325d9cb8-gw-dipped-i-mAOD-qualified","1990-05-30T12:00:00","1990-05-30","27.43","","Unchecked",""
"http://environment.data.gov.uk/hydrology/id/measures/ea15dfcd-00b7-41d9-91b6-c4fc325d9cb8-gw-dipped-i-mAOD-qualified","1990-06-22T12:00:00","1990-06-22","26.98","","Unchecked",""
"http://environment.data.gov.uk/hydrology/id/measures/ea15dfcd-00b7-41d9-91b6-c4fc325d9cb8-gw-dipped-i-mAOD-qualified","1990-07-31T12:00:00","1990-07-31","26.02","","Unchecked",""
"http://environment.data.gov.uk/hydrology/id/measures/ea15dfcd-00b7-41d9-91b6-c4fc325d9cb8-gw-dipped-i-mAOD-qualified","1990-08-31T12:00:00","1990-08-31","25.52","","Good",""
"http://environment.data.gov.uk/hydrology/id/measures/ea15dfcd-00b7-41d9-91b6-c4fc325d9cb8-gw-dipped-i-mAOD-qualified","1990-09-27T12:00:00","1990-09-27","25.43","","Unchecked",""
"http://environment.data.gov.uk/hydrology/id/measures/ea15dfcd-00b7-41d9-91b6-c4fc325d9cb8-gw-dipped-i-mAOD-qualified","1990-10-30T12:00:00","1990-10-30","25.43","","Unchecked",""
"http://environment.data.gov.uk/hydrology/id/measures/ea15dfcd-00b7-41d9-91b6-c4fc325d9cb8-gw-dipped-i-mAOD-qualified","1990-11-28T12:00:00","1990-11-28","25.43","","Unchecked",""
"http://environment.data.gov.uk/hydrology/id/measures/ea15dfcd-00b7-41d9-91b6-c4fc325d9cb8-gw-dipped-i-mAOD-qualified","1990-12-27T12:00:00","1990-12-27","25.43","","Unchecked",""
"http://environment.data.gov.uk/hydrology/id/measures/ea15dfcd-00b7-41d9-91b6-c4fc325d9cb8-gw-dipped-i-mAOD-qualified","1991-01-30T12:00:00","1991-01-30","25.43","","Unchecked",""
"http://environment.data.gov.uk/hydrology/id/measures/ea15dfcd-00b7-41d9-91b6-c4fc325d9cb8-gw-dipped-i-mAOD-qualified","1991-02-28T12:00:00","1991-02-28","25.43","","Unchecked",""
"http://environment.data.gov.uk/hydrology/id/measures/ea15dfcd-00b7-41d9-91b6-c4fc325d9cb8-gw-dipped-i-mAOD-qualified","1991-03-27T12:00:00","1991-03-27","25.43","","Unchecked",""
"http://environment.data.gov.uk/hydrology/id/measures/ea15dfcd-00b7-41d9-91b6-c4fc325d9cb8-gw-dipped-i-mAOD-qualified","1991-04-29T12:00:00","1991-04-29","25.7","","Unchecked",""
"http://environment.data.gov.uk/hydrology/id/measures/ea15dfcd-00b7-41d9-91b6-c4fc325d9cb8-gw-dipped-i-mAOD-qualified","1991-05-29T12:00:00","1991-05-29","25.43","","Unchecked",""
"http://environment.data.gov.uk/hydrology/id/measures/ea15dfcd-00b7-41d9-91b6-c4fc325d9cb8-gw-dipped-i-mAOD-qualified","1991-06-17T12:00:00","1991-06-17","25.43","","Unchecked",""
"http://environment.data.gov.uk/hydrology/id/measures/ea15dfcd-00b7-41d9-91b6-c4fc325d9cb8-gw-dipped-i-mAOD-qualified","1991-08-29T12:00:00","1991-08-29","25.43","","Unchecked",""
"http://environment.data.gov.uk/hydrology/id/measures/ea15dfcd-00b7-41d9-91b6-c4fc325d9cb8-gw-dipped-i-mAOD-qualified","1991-09-27T12:00:00","1991-09-27","25.43","","Unchecked",""
"http://environment.data.gov.uk/hydrology/id/measures/ea15dfcd-00b7-41d9-91b6-c4fc325d9cb8-gw-dipped-i-mAOD-qualified","1991-10-23T12:00:00","1991-10-23","25.43","","Unchecked",""
"http://environment.data.gov.uk/hydrology/id/measures/ea15dfcd-00b7-41d9-91b6-c4fc325d9cb8-gw-dipped-i-mAOD-qualified","1991-11-28T12:00:00","1991-11-28","25.43","","Unchecked",""
"http://environment.data.gov.uk/hydrology/id/measures/ea15dfcd-00b7-41d9-91b6-c4fc325d9cb8-gw-dipped-i-mAOD-qualified","1991-12-31T12:00:00","1991-12-31","25.43","","Unchecked",""
"http://environment.data.gov.uk/hydrology/id/measures/ea15dfcd-00b7-41d9-91b6-c4fc325d9cb8-gw-dipped-i-mAOD-qualified","1992-01-31T12:00:00","1992-01-31","25.43","","Suspect",""
"http://environment.data.gov.uk/hydrology/id/measures/ea15dfcd-00b7-41d9-91b6-c4fc325d9cb8-gw-dipped-i-mAOD-qualified","1992-02-24T12:00:00","1992-02-24","25.43","","Suspect",""
"http://environment.data.gov.uk/hydrology/id/measures/ea15dfcd-00b7-41d9-91b6-c4fc325d9cb8-gw-dipped-i-mAOD-qualified","1992-03-31T12:00:00","1992-03-31","25.43","","Suspect",""
"http://environment.data.gov.uk/hydrology/id/measures/ea15dfcd-00b7-41d9-91b6-c4fc325d9cb8-gw-dipped-i-mAOD-qualified","1992-04-30T12:00:00","1992-04-30","25.43","","Suspect",""
"http://environment.data.gov.uk/hydrology/id/measures/ea15dfcd-00b7-41d9-91b6-c4fc325d9cb8-gw-dipped-i-mAOD-qualified","1992-05-26T12:00:00","1992-05-26","25.43","","Suspect",""
"http://environment.data.gov.uk/hydrology/id/measures/ea15dfcd-00b7-41d9-91b6-c4fc325d9cb8-gw-dipped-i-mAOD-qualified","1992-06-29T12:00:00","1992-06-29","25.43","","Suspect",""
"http://environment.data.gov.uk/hydrology/id/measures/ea15dfcd-00b7-41d9-91b6-c4fc325d9cb8-gw-dipped-i-mAOD-qualified","1992-07-30T12:00:00","1992-07-30","25.43","","Suspect",""
"http://environment.data.gov.uk/hydrology/id/measures/ea15dfcd-00b7-41d9-91b6-c4fc325d9cb8-gw-dipped-i-mAOD-qualified","1992-08-28T12:00:00","1992-08-28","25.43","","Suspect",""
"http://environment.data.gov.uk/hydrology/id/measures/ea15dfcd-00b7-41d9-91b6-c4fc325d9cb8-gw-dipped-i-mAOD-qualified","1992-09-29T12:00:00","1992-09-29","25.43","","Suspect",""
"http://environment.data.gov.uk/hydrology/id/measures/ea15dfcd-00b7-41d9-91b6-c4fc325d9cb8-gw-dipped-i-mAOD-qualified","1992-10-28T12:00:00","1992-10-28","25.43","","Suspect",""
"http://environment.data.gov.uk/hydrology/id/measures/ea15dfcd-00b7-41d9-91b6-c4fc325d9cb8-gw-dipped-i-mAOD-qualified","1992-12-28T12:00:00","1992-12-28","29.55","","Unchecked",""
"http://environment.data.gov.uk/hydrology/id/measures/ea15dfcd-00b7-41d9-91b6-c4fc325d9cb8-gw-dipped-i-mAOD-qualified","1993-01-28T12:00:00","1993-01-28","27.31","","Unchecked",""
"http://environment.data.gov.uk/hydrology/id/measures/ea15dfcd-00b7-41d9-91b6-c4fc325d9cb8-gw-dipped-i-mAOD-qualified","1993-02-24T12:00:00","1993-02-24","27.68","","Unchecked",""
"http://environment.data.gov.uk/hydrology/id/measures/ea15dfcd-00b7-41d9-91b6-c4fc325d9cb8-gw-dipped-i-mAOD-qualified","1993-03-30T12:00:00","1993-03-30","27.73","","Unchecked",""
"http://environment.data.gov.uk/hydrology/id/measures/ea15dfcd-00b7-41d9-91b6-c4fc325d9cb8-gw-dipped-i-mAOD-qualified","1993-04-27T12:00:00","1993-04-27","27.66","","Unchecked",""
"http://environment.data.gov.uk/hydrology/id/measures/ea15dfcd-00b7-41d9-91b6-c4fc325d9cb8-gw-dipped-i-mAOD-qualified","1993-05-26T12:00:00","1993-05-26","27.59","","Unchecked",""
"http://environment.data.gov.uk/hydrology/id/measures/ea15dfcd-00b7-41d9-91b6-c4fc325d9cb8-gw-dipped-i-mAOD-qualified","1993-06-29T12:00:00","1993-06-29","25.68","","Unchecked",""
"http://environment.data.gov.uk/hydrology/id/measures/ea15dfcd-00b7-41d9-91b6-c4fc325d9cb8-gw-dipped-i-mAOD-qualified","1993-07-28T12:00:00","1993-07-28","26.98","","Unchecked",""
"http://environment.data.gov.uk/hydrology/id/measures/ea15dfcd-00b7-41d9-91b6-c4fc325d9cb8-gw-dipped-i-mAOD-qualified","1993-08-26T12:00:00","1993-08-26","26.73","","Unchecked",""
"http://environment.data.gov.uk/hydrology/id/measures/ea15dfcd-00b7-41d9-91b6-c4fc325d9cb8-gw-dipped-i-mAOD-qualified","1993-09-30T12:00:00","1993-09-30","26.8","","Unchecked",""
"http://environment.data.gov.uk/hydrology/id/measures/ea15dfcd-00b7-41d9-91b6-c4fc325d9cb8-gw-dipped-i-mAOD-qualified","1993-10-29T12:00:00","1993-10-29","27.1","","Unchecked",""
"http://environment.data.gov.uk/hydrology/id/measures/ea15dfcd-00b7-41d9-91b6-c4fc325d9cb8-gw-dipped-i-mAOD-qualified","1993-12-30T12:00:00","1993-12-30","28.7","","Unchecked",""
"http://environment.data.gov.uk/hydrology/id/measures/ea15dfcd-00b7-41d9-91b6-c4fc325d9cb8-gw-dipped-i-mAOD-qualified","1994-01-27T12:00:00","1994-01-27","29.73","","Unchecked",""
"http://environment.data.gov.uk/hydrology/id/measures/ea15dfcd-00b7-41d9-91b6-c4fc325d9cb8-gw-dipped-i-mAOD-qualified","1994-02-24T12:00:00","1994-02-24","30.08","","Unchecked",""
"http://environment.data.gov.uk/hydrology/id/measures/ea15dfcd-00b7-41d9-91b6-c4fc325d9cb8-gw-dipped-i-mAOD-qualified","1994-03-29T12:00:00","1994-03-29","30.0","","Unchecked",""
"http://environment.data.gov.uk/hydrology/id/measures/ea15dfcd-00b7-41d9-91b6-c4fc325d9cb8-gw-dipped-i-mAOD-qualified","1994-04-28T12:00:00","1994-04-28","30.02","","Unchecked",""
"http://environment.data.gov.uk/hydrology/id/measures/ea15dfcd-00b7-41d9-91b6-c4fc325d9cb8-gw-dipped-i-mAOD-qualified","1994-05-26T12:00:00","1994-05-26","29.83","","Unchecked",""
"http://environment.data.gov.uk/hydrology/id/measures/ea15dfcd-00b7-41d9-91b6-c4fc325d9cb8-gw-dipped-i-mAOD-qualified","1994-06-20T12:00:00","1994-06-20","26.23","","Unchecked",""
"http://environment.data.gov.uk/hydrology/id/measures/ea15dfcd-00b7-41d9-91b6-c4fc325d9cb8-gw-dipped-i-mAOD-qualified","1994-07-21T12:00:00","1994-07-21","25.88","","Unchecked",""
"http://environment.data.gov.uk/hydrology/id/measures/ea15dfcd-00b7-41d9-91b6-c4fc325d9cb8-gw-dipped-i-mAOD-qualified","1994-08-26T12:00:00","1994-08-26","27.86","","Unchecked",""
"http://environment.data.gov.uk/hydrology/id/measures/ea15dfcd-00b7-41d9-91b6-c4fc325d9cb8-gw-dipped-i-mAOD-qualified","1994-09-22T12:00:00","1994-09-22","27.71","","Unchecked",""
"http://environment.data.gov.uk/hydrology/id/measures/ea15dfcd-00b7-41d9-91b6-c4fc325d9cb8-gw-dipped-i-mAOD-qualified","1994-10-20T12:00:00","1994-10-20","27.66","","Unchecked",""
"http://environment.data.gov.uk/hydrology/id/measures/ea15dfcd-00b7-41d9-91b6-c4fc325d9cb8-gw-dipped-i-mAOD-qualified","1994-11-23T12:00:00","1994-11-23","27.56","","Unchecked",""
"http://environment.data.gov.uk/hydrology/id/measures/ea15dfcd-00b7-41d9-91b6-c4fc325d9cb8-gw-dipped-i-mAOD-qualified","1994-12-20T12:00:00","1994-12-20","27.5","","Unchecked",""
"http://environment.data.gov.uk/hydrology/id/measures/ea15dfcd-00b7-41d9-91b6-c4fc325d9cb8-gw-dipped-i-mAOD-qualified","1995-01-27T12:00:00","1995-01-27","27.68","","Unchecked",""
"http://environment.data.gov.uk/hydrology/id/measures/ea15dfcd-00b7-41d9-91b6-c4fc325d9cb8-gw-dipped-i-mAOD-qualified","1995-02-17T12:00:00","1995-02-17","28.61","","Unchecked",""
"http://environment.data.gov.uk/hydrology/id/measures/ea15dfcd-00b7-41d9-91b6-c4fc325d9cb8-gw-dipped-i-mAOD-qualified","1995-03-27T12:00:00","1995-03-27","29.58","","Unchecked",""
"http://environment.data.gov.uk/hydrology/id/measures/ea15dfcd-00b7-41d9-91b6-c4fc325d9cb8-gw-dipped-i-mAOD-qualified","1995-04-21T12:00:00","1995-04-21","29.72","","Unchecked",""
"http://environment.data.gov.uk/hydrology/id/measures/ea15dfcd-00b7-41d9-91b6-c4fc325d9cb8-gw-dipped-i-mAOD-qualified","1995-05-19T12:00:00","1995-05-19","29.35","","Unchecked",""
"http://environment.data.gov.uk/hydrology/id/measures/ea15dfcd-00b7-41d9-91b6-c4fc325d9cb8-gw-dipped-i-mAOD-qualified","1995-06-23T12:00:00","1995-06-23","26.76","","Unchecked",""
"http://environment.data.gov.uk/hydrology/id/measures/ea15dfcd-00b7-41d9-91b6-c4fc325d9cb8-gw-dipped-i-mAOD-qualified","1995-10-18T12:00:00","1995-10-18","26.99","","Unchecked",""
"http://environment.data.gov.uk/hydrology/id/measures/ea15dfcd-00b7-41d9-91b6-c4fc325d9cb8-gw-dipped-i-mAOD-qualified","1995-11-07T12:00:00","1995-11-07","26.89","","Unchecked",""
"http://environment.data.gov.uk/hydrology/id/measures/ea15dfcd-00b7-41d9-91b6-c4fc325d9cb8-gw-dipped-i-mAOD-qualified","1995-12-05T12:00:00","1995-12-05","26.74","","Unchecked",""
"http://environment.data.gov.uk/hydrology/id/measures/ea15dfcd-00b7-41d9-91b6-c4fc325d9cb8-gw-dipped-i-mAOD-qualified","1996-01-04T12:00:00","1996-01-04","26.76","","Unchecked",""
"http://environment.data.gov.uk/hydrology/id/measures/ea15dfcd-00b7-41d9-91b6-c4fc325d9cb8-gw-dipped-i-mAOD-qualified","1996-02-05T12:00:00","1996-02-05","27.06","","Unchecked",""
"http://environment.data.gov.uk/hydrology/id/measures/ea15dfcd-00b7-41d9-91b6-c4fc325d9cb8-gw-dipped-i-mAOD-qualified","1996-03-07T12:00:00","1996-03-07","27.14","","Unchecked",""
"http://environment.data.gov.uk/hydrology/id/measures/ea15dfcd-00b7-41d9-91b6-c4fc325d9cb8-gw-dipped-i-mAOD-qualified","1996-04-03T12:00:00","1996-04-03","27.35","","Unchecked",""
"http://environment.data.gov.uk/hydrology/id/measures/ea15dfcd-00b7-41d9-91b6-c4fc325d9cb8-gw-dipped-i-mAOD-qualified","1996-05-02T12:00:00","1996-05-02","26.37","","Unchecked",""
"http://environment.data.gov.uk/hydrology/id/measures/ea15dfcd-00b7-41d9-91b6-c4fc325d9cb8-gw-dipped-i-mAOD-qualified","1996-06-04T12:00:00","1996-06-04","26.69","","Unchecked",""
"http://environment.data.gov.uk/hydrology/id/measures/ea15dfcd-00b7-41d9-91b6-c4fc325d9cb8-gw-dipped-i-mAOD-qualified","1996-07-02T12:00:00","1996-07-02","25.66","","Unchecked",""
"http://environment.data.gov.uk/hydrology/id/measures/ea15dfcd-00b7-41d9-91b6-c4fc325d9cb8-gw-dipped-i-mAOD-qualified","1996-08-05T12:00:00","1996-08-05","25.58","","Suspect",""
"http://environment.data.gov.uk/hydrology/id/measures/ea15dfcd-00b7-41d9-91b6-c4fc325d9cb8-gw-dipped-i-mAOD-qualified","1996-09-05T12:00:00","1996-09-05","25.58","","Suspect",""
"http://environment.data.gov.uk/hydrology/id/measures/ea15dfcd-00b7-41d9-91b6-c4fc325d9cb8-gw-dipped-i-mAOD-qualified","1996-10-02T12:00:00","1996-10-02","25.58","","Suspect",""
"http://environment.data.gov.uk/hydrology/id/measures/ea15dfcd-00b7-41d9-91b6-c4fc325d9cb8-gw-dipped-i-mAOD-qualified","1996-11-04T12:00:00","1996-11-04","25.58","","Suspect",""
"http://environment.data.gov.uk/hydrology/id/measures/ea15dfcd-00b7-41d9-91b6-c4fc325d9cb8-gw-dipped-i-mAOD-qualified","1996-12-06T12:00:00","1996-12-06","25.58","","Suspect",""
"http://environment.data.gov.uk/hydrology/id/measures/ea15dfcd-00b7-41d9-91b6-c4fc325d9cb8-gw-dipped-i-mAOD-qualified","1997-01-08T12:00:00","1997-01-08","25.58","","Suspect",""
"http://environment.data.gov.uk/hydrology/id/measures/ea15dfcd-00b7-41d9-91b6-c4fc325d9cb8-gw-dipped-i-mAOD-qualified","1997-02-06T12:00:00","1997-02-06","25.58","","Suspect",""
"http://environment.data.gov.uk/hydrology/id/measures/ea15dfcd-00b7-41d9-91b6-c4fc325d9cb8-gw-dipped-i-mAOD-qualified","1997-03-05T12:00:00","1997-03-05","25.58","","Suspect",""
"http://environment.data.gov.uk/hydrology/id/measures/ea15dfcd-00b7-41d9-91b6-c4fc325d9cb8-gw-dipped-i-mAOD-qualified","1997-04-03T12:00:00","1997-04-03","25.89","","Unchecked",""
"http://environment.data.gov.uk/hydrology/id/measures/ea15dfcd-00b7-41d9-91b6-c4fc325d9cb8-gw-dipped-i-mAOD-qualified","1997-05-01T12:00:00","1997-05-01","25.58","","Suspect",""
"http://environment.data.gov.uk/hydrology/id/measures/ea15dfcd-00b7-41d9-91b6-c4fc325d9cb8-gw-dipped-i-mAOD-qualified","1997-06-02T12:00:00","1997-06-02","25.58","","Suspect",""
"http://environment.data.gov.uk/hydrology/id/measures/ea15dfcd-00b7-41d9-91b6-c4fc325d9cb8-gw-dipped-i-mAOD-qualified","1997-07-03T12:00:00","1997-07-03","25.58","","Suspect",""
"http://environment.data.gov.uk/hydrology/id/measures/ea15dfcd-00b7-41d9-91b6-c4fc325d9cb8-gw-dipped-i-mAOD-qualified","1997-08-04T12:00:00","1997-08-04","25.58","","Suspect",""
"http://environment.data.gov.uk/hydrology/id/measures/ea15dfcd-00b7-41d9-91b6-c4fc325d9cb8-gw-dipped-i-mAOD-qualified","1997-09-04T12:00:00","1997-09-04","25.58","","Suspect",""
"http://environment.data.gov.uk/hydrology/id/measures/ea15dfcd-00b7-41d9-91b6-c4fc325d9cb8-gw-dipped-i-mAOD-qualified","1997-10-03T12:00:00","1997-10-03","25.58","","Unchecked",""
"http://environment.data.gov.uk/hydrology/id/measures/ea15dfcd-00b7-41d9-91b6-c4fc325d9cb8-gw-dipped-i-mAOD-qualified","1997-11-05T12:00:00","1997-11-05","25.58","","Suspect",""
"http://environment.data.gov.uk/hydrology/id/measures/ea15dfcd-00b7-41d9-91b6-c4fc325d9cb8-gw-dipped-i-mAOD-qualified","1997-12-04T12:00:00","1997-12-04","25.58","","Suspect",""
"http://environment.data.gov.uk/hydrology/id/measures/ea15dfcd-00b7-41d9-91b6-c4fc325d9cb8-gw-dipped-i-mAOD-qualified","1998-01-07T12:00:00","1998-01-07","25.68","","Suspect",""
"http://environment.data.gov.uk/hydrology/id/measures/ea15dfcd-00b7-41d9-91b6-c4fc325d9cb8-gw-dipped-i-mAOD-qualified","1998-02-06T12:00:00","1998-02-06","26.35","","Unchecked",""
"http://environment.data.gov.uk/hydrology/id/measures/ea15dfcd-00b7-41d9-91b6-c4fc325d9cb8-gw-dipped-i-mAOD-qualified","1998-03-05T12:00:00","1998-03-05","26.67","","Unchecked",""
"http://environment.data.gov.uk/hydrology/id/measures/ea15dfcd-00b7-41d9-91b6-c4fc325d9cb8-gw-dipped-i-mAOD-qualified","1998-04-06T12:00:00","1998-04-06","26.88","","Unchecked",""
"http://environment.data.gov.uk/hydrology/id/measures/ea15dfcd-00b7-41d9-91b6-c4fc325d9cb8-gw-dipped-i-mAOD-qualified","1998-05-06T12:00:00","1998-05-06","27.48","","Unchecked",""
"http://environment.data.gov.uk/hydrology/id/measures/ea15dfcd-00b7-41d9-91b6-c4fc325d9cb8-gw-dipped-i-mAOD-qualified","1998-06-03T12:00:00","1998-06-03","27.58","","Unchecked",""
"http://environment.data.gov.uk/hydrology/id/measures/ea15dfcd-00b7-41d9-91b6-c4fc325d9cb8-gw-dipped-i-mAOD-qualified","1998-07-03T12:00:00","1998-07-03","27.45","","Unchecked",""
"http://environment.data.gov.uk/hydrology/id/measures/ea15dfcd-00b7-41d9-91b6-c4fc325d9cb8-gw-dipped-i-mAOD-qualified","1998-08-05T12:00:00","1998-08-05","26.89","","Unchecked",""
"http://environment.data.gov.uk/hydrology/id/measures/ea15dfcd-00b7-41d9-91b6-c4fc325d9cb8-gw-dipped-i-mAOD-qualified","1998-09-03T12:00:00","1998-09-03","26.33","","Unchecked",""
"http://environment.data.gov.uk/hydrology/id/measures/ea15dfcd-00b7-41d9-91b6-c4fc325d9cb8-gw-dipped-i-mAOD-qualified","1998-10-05T12:00:00","1998-10-05","26.24","","Unchecked",""
"http://environment.data.gov.uk/hydrology/id/measures/ea15dfcd-00b7-41d9-91b6-c4fc325d9cb8-gw-dipped-i-mAOD-qualified","1998-11-04T12:00:00","1998-11-04","26.15","","Unchecked",""
"http://environment.data.gov.uk/hydrology/id/measures/ea15dfcd-00b7-41d9-91b6-c4fc325d9cb8-gw-dipped-i-mAOD-qualified","1998-12-07T12:00:00","1998-12-07","26.57","","Unchecked",""
"http://environment.data.gov.uk/hydrology/id/measures/ea15dfcd-00b7-41d9-91b6-c4fc325d9cb8-gw-dipped-i-mAOD-qualified","1999-01-06T12:00:00","1999-01-06","27.13","","Unchecked",""
"http://environment.data.gov.uk/hydrology/id/measures/ea15dfcd-00b7-41d9-91b6-c4fc325d9cb8-gw-dipped-i-mAOD-qualified","1999-02-03T12:00:00","1999-02-03","27.86","","Unchecked",""
"http://environment.data.gov.uk/hydrology/id/measures/ea15dfcd-00b7-41d9-91b6-c4fc325d9cb8-gw-dipped-i-mAOD-qualified","1999-03-03T12:00:00","1999-03-03","28.32","","Unchecked",""
"http://environment.data.gov.uk/hydrology/id/measures/ea15dfcd-00b7-41d9-91b6-c4fc325d9cb8-gw-dipped-i-mAOD-qualified","1999-04-06T12:00:00","1999-04-06","28.59","","Unchecked",""
"http://environment.data.gov.uk/hydrology/id/measures/ea15dfcd-00b7-41d9-91b6-c4fc325d9cb8-gw-dipped-i-mAOD-qualified","1999-05-04T12:00:00","1999-05-04","28.67","","Good",""
"http://environment.data.gov.uk/hydrology/id/measures/ea15dfcd-00b7-41d9-91b6-c4fc325d9cb8-gw-dipped-i-mAOD-qualified","1999-06-07T12:00:00","1999-06-07","28.45","","Good",""
"http://environment.data.gov.uk/hydrology/id/measures/ea15dfcd-00b7-41d9-91b6-c4fc325d9cb8-gw-dipped-i-mAOD-qualified","1999-07-06T12:00:00","1999-07-06","28.18","","Good",""
"http://environment.data.gov.uk/hydrology/id/measures/ea15dfcd-00b7-41d9-91b6-c4fc325d9cb8-gw-dipped-i-mAOD-qualified","1999-08-03T12:00:00","1999-08-03","27.95","","Unchecked",""
"http://environment.data.gov.uk/hydrology/id/measures/ea15dfcd-00b7-41d9-91b6-c4fc325d9cb8-gw-dipped-i-mAOD-qualified","1999-09-03T12:00:00","1999-09-03","27.73","","Good",""
"http://environment.data.gov.uk/hydrology/id/measures/ea15dfcd-00b7-41d9-91b6-c4fc325d9cb8-gw-dipped-i-mAOD-qualified","1999-10-05T12:00:00","1999-10-05","27.57","","Good",""
"http://environment.data.gov.uk/hydrology/id/measures/ea15dfcd-00b7-41d9-91b6-c4fc325d9cb8-gw-dipped-i-mAOD-qualified","1999-11-03T12:00:00","1999-11-03","27.64","","Good",""
"http://environment.data.gov.uk/hydrology/id/measures/ea15dfcd-00b7-41d9-91b6-c4fc325d9cb8-gw-dipped-i-mAOD-qualified","1999-12-06T12:00:00","1999-12-06","27.52","","Good",""
"http://environment.data.gov.uk/hydrology/id/measures/ea15dfcd-00b7-41d9-91b6-c4fc325d9cb8-gw-dipped-i-mAOD-qualified","2000-01-06T12:00:00","2000-01-06","27.8","","Good",""
"http://environment.data.gov.uk/hydrology/id/measures/ea15dfcd-00b7-41d9-91b6-c4fc325d9cb8-gw-dipped-i-mAOD-qualified","2000-02-07T12:00:00","2000-02-07","28.37","","Good",""
"http://environment.data.gov.uk/hydrology/id/measures/ea15dfcd-00b7-41d9-91b6-c4fc325d9cb8-gw-dipped-i-mAOD-qualified","2000-03-06T12:00:00","2000-03-06","28.55","","Good",""
"http://environment.data.gov.uk/hydrology/id/measures/ea15dfcd-00b7-41d9-91b6-c4fc325d9cb8-gw-dipped-i-mAOD-qualified","2000-04-13T12:00:00","2000-04-13","28.62","","Good",""
"http://environment.data.gov.uk/hydrology/id/measures/ea15dfcd-00b7-41d9-91b6-c4fc325d9cb8-gw-dipped-i-mAOD-qualified","2000-05-05T12:00:00","2000-05-05","28.54","","Good",""
"http://environment.data.gov.uk/hydrology/id/measures/ea15dfcd-00b7-41d9-91b6-c4fc325d9cb8-gw-dipped-i-mAOD-qualified","2000-06-06T12:00:00","2000-06-06","28.55","","Good",""
"http://environment.data.gov.uk/hydrology/id/measures/ea15dfcd-00b7-41d9-91b6-c4fc325d9cb8-gw-dipped-i-mAOD-qualified","2000-07-05T12:00:00","2000-07-05","28.02","","Good",""
"http://environment.data.gov.uk/hydrology/id/measures/ea15dfcd-00b7-41d9-91b6-c4fc325d9cb8-gw-dipped-i-mAOD-qualified","2000-08-08T12:00:00","2000-08-08","27.99","","Unchecked",""
"http://environment.data.gov.uk/hydrology/id/measures/ea15dfcd-00b7-41d9-91b6-c4fc325d9cb8-gw-dipped-i-mAOD-qualified","2000-09-05T12:00:00","2000-09-05","27.96","","Good",""
"http://environment.data.gov.uk/hydrology/id/measures/ea15dfcd-00b7-41d9-91b6-c4fc325d9cb8-gw-dipped-i-mAOD-qualified","2000-10-04T12:00:00","2000-10-04","27.8","","Good",""
"http://environment.data.gov.uk/hydrology/id/measures/ea15dfcd-00b7-41d9-91b6-c4fc325d9cb8-gw-dipped-i-mAOD-qualified","2000-11-03T12:00:00","2000-11-03","28.1","","Good",""
"http://environment.data.gov.uk/hydrology/id/measures/ea15dfcd-00b7-41d9-91b6-c4fc325d9cb8-gw-dipped-i-mAOD-qualified","2000-12-06T12:00:00","2000-12-06","29.53","","Good",""
"http://environment.data.gov.uk/hydrology/id/measures/ea15dfcd-00b7-41d9-91b6-c4fc325d9cb8-gw-dipped-i-mAOD-qualified","2001-01-04T12:00:00","2001-01-04","30.21","","Good",""
"http://environment.data.gov.uk/hydrology/id/measures/ea15dfcd-00b7-41d9-91b6-c4fc325d9cb8-gw-dipped-i-mAOD-qualified","2001-02-06T12:00:00","2001-02-06","30.62","","Good",""
"http://environment.data.gov.uk/hydrology/id/measures/ea15dfcd-00b7-41d9-91b6-c4fc325d9cb8-gw-dipped-i-mAOD-qualified","2001-03-06T12:00:00","2001-03-06","31.36","","Good",""
"http://environment.data.gov.uk/hydrology/id/measures/ea15dfcd-00b7-41d9-91b6-c4fc325d9cb8-gw-dipped-i-mAOD-qualified","2001-04-05T12:00:00","2001-04-05","31.75","","Good",""
"http://environment.data.gov.uk/hydrology/id/measures/ea15dfcd-00b7-41d9-91b6-c4fc325d9cb8-gw-dipped-i-mAOD-qualified","2001-05-18T12:00:00","2001-05-18","31.64","","Good",""
"http://environment.data.gov.uk/hydrology/id/measures/ea15dfcd-00b7-41d9-91b6-c4fc325d9cb8-gw-dipped-i-mAOD-qualified","2001-06-11T12:00:00","2001-06-11","31.18","","Good",""
"http://environment.data.gov.uk/hydrology/id/measures/ea15dfcd-00b7-41d9-91b6-c4fc325d9cb8-gw-dipped-i-mAOD-qualified","2001-07-09T12:00:00","2001-07-09","30.01","","Good",""
"http://environment.data.gov.uk/hydrology/id/measures/ea15dfcd-00b7-41d9-91b6-c4fc325d9cb8-gw-dipped-i-mAOD-qualified","2001-08-08T12:00:00","2001-08-08","29.72","","Good",""
"http://environment.data.gov.uk/hydrology/id/measures/ea15dfcd-00b7-41d9-91b6-c4fc325d9cb8-gw-dipped-i-mAOD-qualified","2001-09-06T12:00:00","2001-09-06","29.71","","Good",""
"http://environment.data.gov.uk/hydrology/id/measures/ea15dfcd-00b7-41d9-91b6-c4fc325d9cb8-gw-dipped-i-mAOD-qualified","2001-10-04T12:00:00","2001-10-04","29.45","","Good",""
"http://environment.data.gov.uk/hydrology/id/measures/ea15dfcd-00b7-41d9-91b6-c4fc325d9cb8-gw-dipped-i-mAOD-qualified","2001-11-06T12:00:00","2001-11-06","29.53","","Good",""
"http://environment.data.gov.uk/hydrology/id/measures/ea15dfcd-00b7-41d9-91b6-c4fc325d9cb8-gw-dipped-i-mAOD-qualified","2001-12-06T12:00:00","2001-12-06","29.58","","Good",""
"http://environment.data.gov.uk/hydrology/id/measures/ea15dfcd-00b7-41d9-91b6-c4fc325d9cb8-gw-dipped-i-mAOD-qualified","2002-01-11T12:00:00","2002-01-11","29.8","","Good",""
"http://environment.data.gov.uk/hydrology/id/measures/ea15dfcd-00b7-41d9-91b6-c4fc325d9cb8-gw-dipped-i-mAOD-qualified","2002-02-07T12:00:00","2002-02-07","29.79","","Good",""
"http://environment.data.gov.uk/hydrology/id/measures/ea15dfcd-00b7-41d9-91b6-c4fc325d9cb8-gw-dipped-i-mAOD-qualified","2002-03-07T12:00:00","2002-03-07","30.05","","Good",""
"http://environment.data.gov.uk/hydrology/id/measures/ea15dfcd-00b7-41d9-91b6-c4fc325d9cb8-gw-dipped-i-mAOD-qualified","2002-05-16T12:00:00","2002-05-16","29.73","","Good",""
"http://environment.data.gov.uk/hydrology/id/measures/ea15dfcd-00b7-41d9-91b6-c4fc325d9cb8-gw-dipped-i-mAOD-qualified","2002-06-11T12:00:00","2002-06-11","29.3","","Good",""
"http://environment.data.gov.uk/hydrology/id/measures/ea15dfcd-00b7-41d9-91b6-c4fc325d9cb8-gw-dipped-i-mAOD-qualified","2002-07-08T12:00:00","2002-07-08","28.79","","Good",""
"http://environment.data.gov.uk/hydrology/id/measures/ea15dfcd-00b7-41d9-91b6-c4fc325d9cb8-gw-dipped-i-mAOD-qualified","2002-08-09T12:00:00","2002-08-09","28.13","","Good",""
"http://environment.data.gov.uk/hydrology/id/measures/ea15dfcd-00b7-41d9-91b6-c4fc325d9cb8-gw-dipped-i-mAOD-qualified","2002-09-10T12:00:00","2002-09-10","28.12","","Good",""
"http://environment.data.gov.uk/hydrology/id/measures/ea15dfcd-00b7-41d9-91b6-c4fc325d9cb8-gw-dipped-i-mAOD-qualified","2002-10-08T12:00:00","2002-10-08","27.96","","Unchecked",""
"http://environment.data.gov.uk/hydrology/id/measures/ea15dfcd-00b7-41d9-91b6-c4fc325d9cb8-gw-dipped-i-mAOD-qualified","2002-11-13T12:00:00","2002-11-13","27.8","","Good",""
"http://environment.data.gov.uk/hydrology/id/measures/ea15dfcd-00b7-41d9-91b6-c4fc325d9cb8-gw-dipped-i-mAOD-qualified","2002-12-09T12:00:00","2002-12-09","28.44","","Good",""
"http://environment.data.gov.uk/hydrology/id/measures/ea15dfcd-00b7-41d9-91b6-c4fc325d9cb8-gw-dipped-i-mAOD-qualified","2003-01-13T12:00:00","2003-01-13","29.7","","Good",""
"http://environment.data.gov.uk/hydrology/id/measures/ea15dfcd-00b7-41d9-91b6-c4fc325d9cb8-gw-dipped-i-mAOD-qualified","2003-02-05T12:00:00","2003-02-05","30.7","","Good",""
"http://environment.data.gov.uk/hydrology/id/measures/ea15dfcd-00b7-41d9-91b6-c4fc325d9cb8-gw-dipped-i-mAOD-qualified","2003-03-11T12:00:00","2003-03-11","31.27","","Good",""
"http://environment.data.gov.uk/hydrology/id/measures/ea15dfcd-00b7-41d9-91b6-c4fc325d9cb8-gw-dipped-i-mAOD-qualified","2003-04-07T12:00:00","2003-04-07","30.97","","Good",""
"http://environment.data.gov.uk/hydrology/id/measures/ea15dfcd-00b7-41d9-91b6-c4fc325d9cb8-gw-dipped-i-mAOD-qualified","2003-05-07T12:00:00","2003-05-07","30.31","","Good",""
"http://environment.data.gov.uk/hydrology/id/measures/ea15dfcd-00b7-41d9-91b6-c4fc325d9cb8-gw-dipped-i-mAOD-qualified","2003-06-10T12:00:00","2003-06-10","29.5","","Good",""
"http://environment.data.gov.uk/hydrology/id/measures/ea15dfcd-00b7-41d9-91b6-c4fc325d9cb8-gw-dipped-i-mAOD-qualified","2003-07-08T12:00:00","2003-07-08","29.04","","Good",""
"http://environment.data.gov.uk/hydrology/id/measures/ea15dfcd-00b7-41d9-91b6-c4fc325d9cb8-gw-dipped-i-mAOD-qualified","2003-08-12T12:00:00","2003-08-12","28.38","","Good",""
"http://environment.data.gov.uk/hydrology/id/measures/ea15dfcd-00b7-41d9-91b6-c4fc325d9cb8-gw-dipped-i-mAOD-qualified","2003-09-09T12:00:00","2003-09-09","27.87","","Good",""
"http://environment.data.gov.uk/hydrology/id/measures/ea15dfcd-00b7-41d9-91b6-c4fc325d9cb8-gw-dipped-i-mAOD-qualified","2003-10-09T12:00:00","2003-10-09","27.54","","Good",""
"http://environment.data.gov.uk/hydrology/id/measures/ea15dfcd-00b7-41d9-91b6-c4fc325d9cb8-gw-dipped-i-mAOD-qualified","2003-11-14T12:00:00","2003-11-14","27.2","","Good",""
"http://environment.data.gov.uk/hydrology/id/measures/ea15dfcd-00b7-41d9-91b6-c4fc325d9cb8-gw-dipped-i-mAOD-qualified","2003-12-02T12:00:00","2003-12-02","27.15","","Good",""
"http://environment.data.gov.uk/hydrology/id/measures/ea15dfcd-00b7-41d9-91b6-c4fc325d9cb8-gw-dipped-i-mAOD-qualified","2004-01-12T12:00:00","2004-01-12","27.58","","Good",""
"http://environment.data.gov.uk/hydrology/id/measures/ea15dfcd-00b7-41d9-91b6-c4fc325d9cb8-gw-dipped-i-mAOD-qualified","2004-02-11T12:00:00","2004-02-11","28.43","","Good",""
"http://environment.data.gov.uk/hydrology/id/measures/ea15dfcd-00b7-41d9-91b6-c4fc325d9cb8-gw-dipped-i-mAOD-qualified","2004-03-09T12:00:00","2004-03-09","29.19","","Good",""
"http://environment.data.gov.uk/hydrology/id/measures/ea15dfcd-00b7-41d9-91b6-c4fc325d9cb8-gw-dipped-i-mAOD-qualified","2004-04-14T12:00:00","2004-04-14","29.93","","Good",""
"http://environment.data.gov.uk/hydrology/id/measures/ea15dfcd-00b7-41d9-91b6-c4fc325d9cb8-gw-dipped-i-mAOD-qualified","2004-05-06T12:00:00","2004-05-06","29.29","","Good",""
"http://environment.data.gov.uk/hydrology/id/measures/ea15dfcd-00b7-41d9-91b6-c4fc325d9cb8-gw-dipped-i-mAOD-qualified","2004-06-09T12:00:00","2004-06-09","29.16","","Good",""
"http://environment.data.gov.uk/hydrology/id/measures/ea15dfcd-00b7-41d9-91b6-c4fc325d9cb8-gw-dipped-i-mAOD-qualified","2004-07-07T12:00:00","2004-07-07","26.54","","Good",""
"http://environment.data.gov.uk/hydrology/id/measures/ea15dfcd-00b7-41d9-91b6-c4fc325d9cb8-gw-dipped-i-mAOD-qualified","2004-08-10T12:00:00","2004-08-10","27.94","","Good",""
"http://environment.data.gov.uk/hydrology/id/measures/ea15dfcd-00b7-41d9-91b6-c4fc325d9cb8-gw-dipped-i-mAOD-qualified","2004-09-08T12:00:00","2004-09-08","28.34","","Good",""
"http://environment.data.gov.uk/hydrology/id/measures/ea15dfcd-00b7-41d9-91b6-c4fc325d9cb8-gw-dipped-i-mAOD-qualified","2004-11-10T12:00:00","2004-11-10","31.17","","Good",""
"http://environment.data.gov.uk/hydrology/id/measures/ea15dfcd-00b7-41d9-91b6-c4fc325d9cb8-gw-dipped-i-mAOD-qualified","2004-12-08T12:00:00","2004-12-08","28.36","","Good",""
"http://environment.data.gov.uk/hydrology/id/measures/ea15dfcd-00b7-41d9-91b6-c4fc325d9cb8-gw-dipped-i-mAOD-qualified","2005-01-11T12:00:00","2005-01-11","28.46","","Good",""
"http://environment.data.gov.uk/hydrology/id/measures/ea15dfcd-00b7-41d9-91b6-c4fc325d9cb8-gw-dipped-i-mAOD-qualified","2005-02-08T12:00:00","2005-02-08","28.48","","Good",""
"http://environment.data.gov.uk/hydrology/id/measures/ea15dfcd-00b7-41d9-91b6-c4fc325d9cb8-gw-dipped-i-mAOD-qualified","2005-03-08T12:00:00","2005-03-08","28.64","","Good",""
"http://environment.data.gov.uk/hydrology/id/measures/ea15dfcd-00b7-41d9-91b6-c4fc325d9cb8-gw-dipped-i-mAOD-qualified","2005-04-13T12:00:00","2005-04-13","28.79","","Good",""
"http://environment.data.gov.uk/hydrology/id/measures/ea15dfcd-00b7-41d9-91b6-c4fc325d9cb8-gw-dipped-i-mAOD-qualified","2005-05-13T12:00:00","2005-05-13","28.48","","Good",""
"http://environment.data.gov.uk/hydrology/id/measures/ea15dfcd-00b7-41d9-91b6-c4fc325d9cb8-gw-dipped-i-mAOD-qualified","2005-06-09T12:00:00","2005-06-09","27.95","","Good",""
"http://environment.data.gov.uk/hydrology/id/measures/ea15dfcd-00b7-41d9-91b6-c4fc325d9cb8-gw-dipped-i-mAOD-qualified","2005-07-11T12:00:00","2005-07-11","27.48","","Good",""
"http://environment.data.gov.uk/hydrology/id/measures/ea15dfcd-00b7-41d9-91b6-c4fc325d9cb8-gw-dipped-i-mAOD-qualified","2005-08-08T12:00:00","2005-08-08","25.66","","Good",""
"http://environment.data.gov.uk/hydrology/id/measures/ea15dfcd-00b7-41d9-91b6-c4fc325d9cb8-gw-dipped-i-mAOD-qualified","2005-09-14T12:00:00","2005-09-14","27.04","","Good",""
"http://environment.data.gov.uk/hydrology/id/measures/ea15dfcd-00b7-41d9-91b6-c4fc325d9cb8-gw-dipped-i-mAOD-qualified","2005-10-11T12:00:00","2005-10-11","26.93","","Good",""
"http://environment.data.gov.uk/hydrology/id/measures/ea15dfcd-00b7-41d9-91b6-c4fc325d9cb8-gw-dipped-i-mAOD-qualified","2005-11-09T12:00:00","2005-11-09","26.92","","Good",""
"http://environment.data.gov.uk/hydrology/id/measures/ea15dfcd-00b7-41d9-91b6-c4fc325d9cb8-gw-dipped-i-mAOD-qualified","2005-12-06T12:00:00","2005-12-06","27.06","","Good",""
"http://environment.data.gov.uk/hydrology/id/measures/ea15dfcd-00b7-41d9-91b6-c4fc325d9cb8-gw-dipped-i-mAOD-qualified","2006-01-10T12:00:00","2006-01-10","26.93","","Good",""
"http://environment.data.gov.uk/hydrology/id/measures/ea15dfcd-00b7-41d9-91b6-c4fc325d9cb8-gw-dipped-i-mAOD-qualified","2006-02-09T12:00:00","2006-02-09","26.93","","Good",""
"http://environment.data.gov.uk/hydrology/id/measures/ea15dfcd-00b7-41d9-91b6-c4fc325d9cb8-gw-dipped-i-mAOD-qualified","2006-03-10T12:00:00","2006-03-10","26.89","","Good",""
"http://environment.data.gov.uk/hydrology/id/measures/ea15dfcd-00b7-41d9-91b6-c4fc325d9cb8-gw-dipped-i-mAOD-qualified","2006-04-12T12:00:00","2006-04-12","26.93","","Good",""
"http://environment.data.gov.uk/hydrology/id/measures/ea15dfcd-00b7-41d9-91b6-c4fc325d9cb8-gw-dipped-i-mAOD-qualified","2006-05-11T12:00:00","2006-05-11","26.95","","Good",""
"http://environment.data.gov.uk/hydrology/id/measures/ea15dfcd-00b7-41d9-91b6-c4fc325d9cb8-gw-dipped-i-mAOD-qualified","2006-06-08T12:00:00","2006-06-08","26.33","","Good",""
"http://environment.data.gov.uk/hydrology/id/measures/ea15dfcd-00b7-41d9-91b6-c4fc325d9cb8-gw-dipped-i-mAOD-qualified","2006-07-10T12:00:00","2006-07-10","25.68","","Good",""
"http://environment.data.gov.uk/hydrology/id/measures/ea15dfcd-00b7-41d9-91b6-c4fc325d9cb8-gw-dipped-i-mAOD-qualified","2006-08-15T12:00:00","2006-08-15","26.32","","Good",""
"http://environment.data.gov.uk/hydrology/id/measures/ea15dfcd-00b7-41d9-91b6-c4fc325d9cb8-gw-dipped-i-mAOD-qualified","2006-09-06T12:00:00","2006-09-06","26.75","","Good",""
"http://environment.data.gov.uk/hydrology/id/measures/ea15dfcd-00b7-41d9-91b6-c4fc325d9cb8-gw-dipped-i-mAOD-qualified","2006-10-11T12:00:00","2006-10-11","27.02","","Good",""
"http://environment.data.gov.uk/hydrology/id/measures/ea15dfcd-00b7-41d9-91b6-c4fc325d9cb8-gw-dipped-i-mAOD-qualified","2006-11-10T12:00:00","2006-11-10","27.11","","Good",""
"http://environment.data.gov.uk/hydrology/id/measures/ea15dfcd-00b7-41d9-91b6-c4fc325d9cb8-gw-dipped-i-mAOD-qualified","2006-12-07T12:00:00","2006-12-07","27.38","","Good",""
"http://environment.data.gov.uk/hydrology/id/measures/ea15dfcd-00b7-41d9-91b6-c4fc325d9cb8-gw-dipped-i-mAOD-qualified","2007-01-10T12:00:00","2007-01-10","27.95","","Good",""
"http://environment.data.gov.uk/hydrology/id/measures/ea15dfcd-00b7-41d9-91b6-c4fc325d9cb8-gw-dipped-i-mAOD-qualified","2007-02-13T12:00:00","2007-02-13","28.84","","Good",""
"http://environment.data.gov.uk/hydrology/id/measures/ea15dfcd-00b7-41d9-91b6-c4fc325d9cb8-gw-dipped-i-mAOD-qualified","2007-03-16T12:00:00","2007-03-16","29.29","","Good",""
"http://environment.data.gov.uk/hydrology/id/measures/ea15dfcd-00b7-41d9-91b6-c4fc325d9cb8-gw-dipped-i-mAOD-qualified","2007-04-10T12:00:00","2007-04-10","29.37","","Good",""
"http://environment.data.gov.uk/hydrology/id/measures/ea15dfcd-00b7-41d9-91b6-c4fc325d9cb8-gw-dipped-i-mAOD-qualified","2007-05-10T12:00:00","2007-05-10","28.81","","Good",""
"http://environment.data.gov.uk/hydrology/id/measures/ea15dfcd-00b7-41d9-91b6-c4fc325d9cb8-gw-dipped-i-mAOD-qualified","2007-06-08T12:00:00","2007-06-08","28.26","","Good",""
"http://environment.data.gov.uk/hydrology/id/measures/ea15dfcd-00b7-41d9-91b6-c4fc325d9cb8-gw-dipped-i-mAOD-qualified","2007-07-09T12:00:00","2007-07-09","28.87","","Good",""
"http://environment.data.gov.uk/hydrology/id/measures/ea15dfcd-00b7-41d9-91b6-c4fc325d9cb8-gw-dipped-i-mAOD-qualified","2007-08-08T12:00:00","2007-08-08","28.14","","Good",""
"http://environment.data.gov.uk/hydrology/id/measures/ea15dfcd-00b7-41d9-91b6-c4fc325d9cb8-gw-dipped-i-mAOD-qualified","2007-09-05T12:00:00","2007-09-05","28.47","","Good",""
"http://environment.data.gov.uk/hydrology/id/measures/ea15dfcd-00b7-41d9-91b6-c4fc325d9cb8-gw-dipped-i-mAOD-qualified","2007-10-09T12:00:00","2007-10-09","28.12","","Good",""
"http://environment.data.gov.uk/hydrology/id/measures/ea15dfcd-00b7-41d9-91b6-c4fc325d9cb8-gw-dipped-i-mAOD-qualified","2007-11-09T12:00:00","2007-11-09","27.95","","Good",""
"http://environment.data.gov.uk/hydrology/id/measures/ea15dfcd-00b7-41d9-91b6-c4fc325d9cb8-gw-dipped-i-mAOD-qualified","2007-12-10T12:00:00","2007-12-10","27.77","","Good",""
"http://environment.data.gov.uk/hydrology/id/measures/ea15dfcd-00b7-41d9-91b6-c4fc325d9cb8-gw-dipped-i-mAOD-qualified","2008-01-18T12:00:00","2008-01-18","27.96","","Good",""
"http://environment.data.gov.uk/hydrology/id/measures/ea15dfcd-00b7-41d9-91b6-c4fc325d9cb8-gw-dipped-i-mAOD-qualified","2008-02-14T12:00:00","2008-02-14","28.39","","Good",""
"http://environment.data.gov.uk/hydrology/id/measures/ea15dfcd-00b7-41d9-91b6-c4fc325d9cb8-gw-dipped-i-mAOD-qualified","2008-03-12T12:00:00","2008-03-12","28.46","","Good",""
"http://environment.data.gov.uk/hydrology/id/measures/ea15dfcd-00b7-41d9-91b6-c4fc325d9cb8-gw-dipped-i-mAOD-qualified","2008-04-09T12:00:00","2008-04-09","28.7","","Good",""
"http://environment.data.gov.uk/hydrology/id/measures/ea15dfcd-00b7-41d9-91b6-c4fc325d9cb8-gw-dipped-i-mAOD-qualified","2008-05-15T12:00:00","2008-05-15","28.83","","Good",""
"http://environment.data.gov.uk/hydrology/id/measures/ea15dfcd-00b7-41d9-91b6-c4fc325d9cb8-gw-dipped-i-mAOD-qualified","2008-06-12T12:00:00","2008-06-12","28.71","","Good",""
"http://environment.data.gov.uk/hydrology/id/measures/ea15dfcd-00b7-41d9-91b6-c4fc325d9cb8-gw-dipped-i-mAOD-qualified","2008-07-09T12:00:00","2008-07-09","28.0","","Good",""
"http://environment.data.gov.uk/hydrology/id/measures/ea15dfcd-00b7-41d9-91b6-c4fc325d9cb8-gw-dipped-i-mAOD-qualified","2008-08-27T12:00:00","2008-08-27","27.8","","Good",""
"http://environment.data.gov.uk/hydrology/id/measures/ea15dfcd-00b7-41d9-91b6-c4fc325d9cb8-gw-dipped-i-mAOD-qualified","2008-09-29T12:00:00","2008-09-29","27.6","","Good",""
"http://environment.data.gov.uk/hydrology/id/measures/ea15dfcd-00b7-41d9-91b6-c4fc325d9cb8-gw-dipped-i-mAOD-qualified","2008-10-09T12:00:00","2008-10-09","27.48","","Good",""
"http://environment.data.gov.uk/hydrology/id/measures/ea15dfcd-00b7-41d9-91b6-c4fc325d9cb8-gw-dipped-i-mAOD-qualified","2008-11-12T12:00:00","2008-11-12","27.31","","Good",""
"http://environment.data.gov.uk/hydrology/id/measures/ea15dfcd-00b7-41d9-91b6-c4fc325d9cb8-gw-dipped-i-mAOD-qualified","2008-12-10T12:00:00","2008-12-10","27.57","","Good",""
"http://environment.data.gov.uk/hydrology/id/measures/ea15dfcd-00b7-41d9-91b6-c4fc325d9cb8-gw-dipped-i-mAOD-qualified","2009-01-13T12:00:00","2009-01-13","27.92","","Good",""
"http://environment.data.gov.uk/hydrology/id/measures/ea15dfcd-00b7-41d9-91b6-c4fc325d9cb8-gw-dipped-i-mAOD-qualified","2009-02-14T12:00:00","2009-02-14","28.07","","Good",""
"http://environment.data.gov.uk/hydrology/id/measures/ea15dfcd-00b7-41d9-91b6-c4fc325d9cb8-gw-dipped-i-mAOD-qualified","2009-03-10T12:00:00","2009-03-10","28.76","","Good",""
"http://environment.data.gov.uk/hydrology/id/measures/ea15dfcd-00b7-41d9-91b6-c4fc325d9cb8-gw-dipped-i-mAOD-qualified","2009-04-14T12:00:00","2009-04-14","28.96","","Good",""
"http://environment.data.gov.uk/hydrology/id/measures/ea15dfcd-00b7-41d9-91b6-c4fc325d9cb8-gw-dipped-i-mAOD-qualified","2009-05-11T12:00:00","2009-05-11","28.58","","Good",""
"http://environment.data.gov.uk/hydrology/id/measures/ea15dfcd-00b7-41d9-91b6-c4fc325d9cb8-gw-dipped-i-mAOD-qualified","2009-06-10T12:00:00","2009-06-10","27.84","","Good",""
"http://environment.data.gov.uk/hydrology/id/measures/ea15dfcd-00b7-41d9-91b6-c4fc325d9cb8-gw-dipped-i-mAOD-qualified","2009-07-10T12:00:00","2009-07-10","26.78","","Good",""
"http://environment.data.gov.uk/hydrology/id/measures/ea15dfcd-00b7-41d9-91b6-c4fc325d9cb8-gw-dipped-i-mAOD-qualified","2009-09-22T12:00:00","2009-09-22","26.74","","Good",""
"http://environment.data.gov.uk/hydrology/id/measures/ea15dfcd-00b7-41d9-91b6-c4fc325d9cb8-gw-dipped-i-mAOD-qualified","2009-10-20T12:00:00","2009-10-20","26.47","","Good",""
"http://environment.data.gov.uk/hydrology/id/measures/ea15dfcd-00b7-41d9-91b6-c4fc325d9cb8-gw-dipped-i-mAOD-qualified","2009-11-24T12:00:00","2009-11-24","26.36","","Good",""
"http://environment.data.gov.uk/hydrology/id/measures/ea15dfcd-00b7-41d9-91b6-c4fc325d9cb8-gw-dipped-i-mAOD-qualified","2009-12-21T12:00:00","2009-12-21","26.66","","Good",""
"http://environment.data.gov.uk/hydrology/id/measures/ea15dfcd-00b7-41d9-91b6-c4fc325d9cb8-gw-dipped-i-mAOD-qualified","2010-01-22T12:00:00","2010-01-22","27.3","","Good",""
"http://environment.data.gov.uk/hydrology/id/measures/ea15dfcd-00b7-41d9-91b6-c4fc325d9cb8-gw-dipped-i-mAOD-qualified","2010-02-12T12:00:00","2010-02-12","27.79","","Good",""
"http://environment.data.gov.uk/hydrology/id/measures/ea15dfcd-00b7-41d9-91b6-c4fc325d9cb8-gw-dipped-i-mAOD-qualified","2010-03-10T12:00:00","2010-03-10","28.51","","Good",""
"http://environment.data.gov.uk/hydrology/id/measures/ea15dfcd-00b7-41d9-91b6-c4fc325d9cb8-gw-dipped-i-mAOD-qualified","2010-03-31T12:00:00","2010-03-31","29.05","","Good",""
"http://environment.data.gov.uk/hydrology/id/measures/ea15dfcd-00b7-41d9-91b6-c4fc325d9cb8-gw-dipped-i-mAOD-qualified","2010-05-05T12:00:00","2010-05-05","28.97","","Good",""
"http://environment.data.gov.uk/hydrology/id/measures/ea15dfcd-00b7-41d9-91b6-c4fc325d9cb8-gw-dipped-i-mAOD-qualified","2010-06-14T12:00:00","2010-06-14","28.03","","Good",""
"http://environment.data.gov.uk/hydrology/id/measures/ea15dfcd-00b7-41d9-91b6-c4fc325d9cb8-gw-dipped-i-mAOD-qualified","2010-08-03T12:00:00","2010-08-03","26.73","","Good",""
"http://environment.data.gov.uk/hydrology/id/measures/ea15dfcd-00b7-41d9-91b6-c4fc325d9cb8-gw-dipped-i-mAOD-qualified","2010-10-20T12:00:00","2010-10-20","27.24","","Good",""
"http://environment.data.gov.uk/hydrology/id/measures/ea15dfcd-00b7-41d9-91b6-c4fc325d9cb8-gw-dipped-i-mAOD-qualified","2010-11-22T12:00:00","2010-11-22","27.38","","Good",""
"http://environment.data.gov.uk/hydrology/id/measures/ea15dfcd-00b7-41d9-91b6-c4fc325d9cb8-gw-dipped-i-mAOD-qualified","2010-12-10T12:00:00","2010-12-10","27.46","","Good",""
"http://environment.data.gov.uk/hydrology/id/measures/ea15dfcd-00b7-41d9-91b6-c4fc325d9cb8-gw-dipped-i-mAOD-qualified","2011-01-19T12:00:00","2011-01-19","27.58","","Good",""
"http://environment.data.gov.uk/hydrology/id/measures/ea15dfcd-00b7-41d9-91b6-c4fc325d9cb8-gw-dipped-i-mAOD-qualified","2011-02-15T12:00:00","2011-02-15","28.23","","Good",""
"http://environment.data.gov.uk/hydrology/id/measures/ea15dfcd-00b7-41d9-91b6-c4fc325d9cb8-gw-dipped-i-mAOD-qualified","2011-03-10T12:00:00","2011-03-10","28.62","","Good",""
"http://environment.data.gov.uk/hydrology/id/measures/ea15dfcd-00b7-41d9-91b6-c4fc325d9cb8-gw-dipped-i-mAOD-qualified","2011-04-14T12:00:00","2011-04-14","28.36","","Good",""
"http://environment.data.gov.uk/hydrology/id/measures/ea15dfcd-00b7-41d9-91b6-c4fc325d9cb8-gw-dipped-i-mAOD-qualified","2011-05-18T12:00:00","2011-05-18","27.38","","Good",""
"http://environment.data.gov.uk/hydrology/id/measures/ea15dfcd-00b7-41d9-91b6-c4fc325d9cb8-gw-dipped-i-mAOD-qualified","2011-06-14T12:00:00","2011-06-14","27.31","","Good",""
"http://environment.data.gov.uk/hydrology/id/measures/ea15dfcd-00b7-41d9-91b6-c4fc325d9cb8-gw-dipped-i-mAOD-qualified","2011-07-13T12:00:00","2011-07-13","26.48","","Good",""
"http://environment.data.gov.uk/hydrology/id/measures/ea15dfcd-00b7-41d9-91b6-c4fc325d9cb8-gw-dipped-i-mAOD-qualified","2011-08-17T12:00:00","2011-08-17","26.46","","Good",""
"http://environment.data.gov.uk/hydrology/id/measures/ea15dfcd-00b7-41d9-91b6-c4fc325d9cb8-gw-dipped-i-mAOD-qualified","2011-09-21T12:00:00","2011-09-21","26.4","","Good",""
"http://environment.data.gov.uk/hydrology/id/measures/ea15dfcd-00b7-41d9-91b6-c4fc325d9cb8-gw-dipped-i-mAOD-qualified","2011-10-20T12:00:00","2011-10-20","26.35","","Good",""
"http://environment.data.gov.uk/hydrology/id/measures/ea15dfcd-00b7-41d9-91b6-c4fc325d9cb8-gw-dipped-i-mAOD-qualified","2011-11-10T12:00:00","2011-11-10","26.11","","Good",""
"http://environment.data.gov.uk/hydrology/id/measures/ea15dfcd-00b7-41d9-91b6-c4fc325d9cb8-gw-dipped-i-mAOD-qualified","2011-12-19T12:00:00","2011-12-19","27.58","","Good",""
"http://environment.data.gov.uk/hydrology/id/measures/ea15dfcd-00b7-41d9-91b6-c4fc325d9cb8-gw-dipped-i-mAOD-qualified","2012-01-18T12:00:00","2012-01-18","26.02","","Good",""
"http://environment.data.gov.uk/hydrology/id/measures/ea15dfcd-00b7-41d9-91b6-c4fc325d9cb8-gw-dipped-i-mAOD-qualified","2012-02-22T12:00:00","2012-02-22","26.2","","Good",""
"http://environment.data.gov.uk/hydrology/id/measures/ea15dfcd-00b7-41d9-91b6-c4fc325d9cb8-gw-dipped-i-mAOD-qualified","2012-03-19T12:00:00","2012-03-19","26.3","","Good",""
"http://environment.data.gov.uk/hydrology/id/measures/ea15dfcd-00b7-41d9-91b6-c4fc325d9cb8-gw-dipped-i-mAOD-qualified","2012-04-11T12:00:00","2012-04-11","26.4","","Good",""
"http://environment.data.gov.uk/hydrology/id/measures/ea15dfcd-00b7-41d9-91b6-c4fc325d9cb8-gw-dipped-i-mAOD-qualified","2012-05-15T12:00:00","2012-05-15","26.99","","Good",""
"http://environment.data.gov.uk/hydrology/id/measures/ea15dfcd-00b7-41d9-91b6-c4fc325d9cb8-gw-dipped-i-mAOD-qualified","2012-06-08T12:00:00","2012-06-08","27.54","","Good",""
"http://environment.data.gov.uk/hydrology/id/measures/ea15dfcd-00b7-41d9-91b6-c4fc325d9cb8-gw-dipped-i-mAOD-qualified","2012-07-10T12:00:00","2012-07-10","27.57","","Good",""
"http://environment.data.gov.uk/hydrology/id/measures/ea15dfcd-00b7-41d9-91b6-c4fc325d9cb8-gw-dipped-i-mAOD-qualified","2012-08-09T12:00:00","2012-08-09","27.71","","Good",""
"http://environment.data.gov.uk/hydrology/id/measures/ea15dfcd-00b7-41d9-91b6-c4fc325d9cb8-gw-dipped-i-mAOD-qualified","2012-09-12T12:00:00","2012-09-12","27.51","","Good",""
"http://environment.data.gov.uk/hydrology/id/measures/ea15dfcd-00b7-41d9-91b6-c4fc325d9cb8-gw-dipped-i-mAOD-qualified","2012-10-09T12:00:00","2012-10-09","27.18","","Good",""
"http://environment.data.gov.uk/hydrology/id/measures/ea15dfcd-00b7-41d9-91b6-c4fc325d9cb8-gw-dipped-i-mAOD-qualified","2012-11-13T12:00:00","2012-11-13","27.35","","Good",""
"http://environment.data.gov.uk/hydrology/id/measures/ea15dfcd-00b7-41d9-91b6-c4fc325d9cb8-gw-dipped-i-mAOD-qualified","2012-12-19T12:00:00","2012-12-19","28.07","","Good",""
"http://environment.data.gov.uk/hydrology/id/measures/ea15dfcd-00b7-41d9-91b6-c4fc325d9cb8-gw-dipped-i-mAOD-qualified","2013-01-23T12:00:00","2013-01-23","29.33","","Good",""
"http://environment.data.gov.uk/hydrology/id/measures/ea15dfcd-00b7-41d9-91b6-c4fc325d9cb8-gw-dipped-i-mAOD-qualified","2013-02-20T12:00:00","2013-02-20","29.86","","Good",""
"http://environment.data.gov.uk/hydrology/id/measures/ea15dfcd-00b7-41d9-91b6-c4fc325d9cb8-gw-dipped-i-mAOD-qualified","2013-03-20T12:00:00","2013-03-20","29.97","","Good",""
"http://environment.data.gov.uk/hydrology/id/measures/ea15dfcd-00b7-41d9-91b6-c4fc325d9cb8-gw-dipped-i-mAOD-qualified","2013-04-17T12:00:00","2013-04-17","29.75","","Good",""
"http://environment.data.gov.uk/hydrology/id/measures/ea15dfcd-00b7-41d9-91b6-c4fc325d9cb8-gw-dipped-i-mAOD-qualified","2013-05-16T12:00:00","2013-05-16","29.47","","Good",""
"http://environment.data.gov.uk/hydrology/id/measures/ea15dfcd-00b7-41d9-91b6-c4fc325d9cb8-gw-dipped-i-mAOD-qualified","2013-06-27T12:00:00","2013-06-27","2.39","","Good",""
"http://environment.data.gov.uk/hydrology/id/measures/ea15dfcd-00b7-41d9-91b6-c4fc325d9cb8-gw-dipped-i-mAOD-qualified","2013-07-26T12:00:00","2013-07-26","27.61","","Good",""
"http://environment.data.gov.uk/hydrology/id/measures/ea15dfcd-00b7-41d9-91b6-c4fc325d9cb8-gw-dipped-i-mAOD-qualified","2013-08-20T12:00:00","2013-08-20","27.57","","Good",""
"http://environment.data.gov.uk/hydrology/id/measures/ea15dfcd-00b7-41d9-91b6-c4fc325d9cb8-gw-dipped-i-mAOD-qualified","2013-09-18T12:00:00","2013-09-18","27.33","","Good",""
"http://environment.data.gov.uk/hydrology/id/measures/ea15dfcd-00b7-41d9-91b6-c4fc325d9cb8-gw-dipped-i-mAOD-qualified","2013-10-30T12:00:00","2013-10-30","27.07","","Good",""
"http://environment.data.gov.uk/hydrology/id/measures/ea15dfcd-00b7-41d9-91b6-c4fc325d9cb8-gw-dipped-i-mAOD-qualified","2013-11-27T12:00:00","2013-11-27","27.3","","Good",""
"http://environment.data.gov.uk/hydrology/id/measures/ea15dfcd-00b7-41d9-91b6-c4fc325d9cb8-gw-dipped-i-mAOD-qualified","2013-12-13T12:00:00","2013-12-13","27.39","","Unchecked",""
"http://environment.data.gov.uk/hydrology/id/measures/ea15dfcd-00b7-41d9-91b6-c4fc325d9cb8-gw-dipped-i-mAOD-qualified","2014-01-23T12:00:00","2014-01-23","28.0","","Unchecked",""
"http://environment.data.gov.uk/hydrology/id/measures/ea15dfcd-00b7-41d9-91b6-c4fc325d9cb8-gw-dipped-i-mAOD-qualified","2014-02-12T12:00:00","2014-02-12","28.74","","Good",""
"http://environment.data.gov.uk/hydrology/id/measures/ea15dfcd-00b7-41d9-91b6-c4fc325d9cb8-gw-dipped-i-mAOD-qualified","2014-03-12T12:00:00","2014-03-12","29.71","","Good",""
"http://environment.data.gov.uk/hydrology/id/measures/ea15dfcd-00b7-41d9-91b6-c4fc325d9cb8-gw-dipped-i-mAOD-qualified","2014-04-15T12:00:00","2014-04-15","29.78","","Good",""
"http://environment.data.gov.uk/hydrology/id/measures/ea15dfcd-00b7-41d9-91b6-c4fc325d9cb8-gw-dipped-i-mAOD-qualified","2014-05-23T12:00:00","2014-05-23","29.26","","Good",""
"http://environment.data.gov.uk/hydrology/id/measures/ea15dfcd-00b7-41d9-91b6-c4fc325d9cb8-gw-dipped-i-mAOD-qualified","2014-06-16T12:00:00","2014-06-16","29.12","","Good",""
"http://environment.data.gov.uk/hydrology/id/measures/ea15dfcd-00b7-41d9-91b6-c4fc325d9cb8-gw-dipped-i-mAOD-qualified","2014-07-14T12:00:00","2014-07-14","28.56","","Good",""
"http://environment.data.gov.uk/hydrology/id/measures/ea15dfcd-00b7-41d9-91b6-c4fc325d9cb8-gw-dipped-i-mAOD-qualified","2014-08-15T12:00:00","2014-08-15","28.24","","Good",""
"http://environment.data.gov.uk/hydrology/id/measures/ea15dfcd-00b7-41d9-91b6-c4fc325d9cb8-gw-dipped-i-mAOD-qualified","2014-09-15T12:00:00","2014-09-15","28.06","","Good",""
"http://environment.data.gov.uk/hydrology/id/measures/ea15dfcd-00b7-41d9-91b6-c4fc325d9cb8-gw-dipped-i-mAOD-qualified","2014-10-24T12:00:00","2014-10-24","27.65","","Good",""
"http://environment.data.gov.uk/hydrology/id/measures/ea15dfcd-00b7-41d9-91b6-c4fc325d9cb8-gw-dipped-i-mAOD-qualified","2014-11-18T12:00:00","2014-11-18","27.68","","Good",""
"http://environment.data.gov.uk/hydrology/id/measures/ea15dfcd-00b7-41d9-91b6-c4fc325d9cb8-gw-dipped-i-mAOD-qualified","2014-12-16T12:00:00","2014-12-16","27.98","","Good",""
"http://environment.data.gov.uk/hydrology/id/measures/ea15dfcd-00b7-41d9-91b6-c4fc325d9cb8-gw-dipped-i-mAOD-qualified","2015-01-16T12:00:00","2015-01-16","28.68","","Good",""
"http://environment.data.gov.uk/hydrology/id/measures/ea15dfcd-00b7-41d9-91b6-c4fc325d9cb8-gw-dipped-i-mAOD-qualified","2015-02-13T12:00:00","2015-02-13","29.0","","Good",""
"http://environment.data.gov.uk/hydrology/id/measures/ea15dfcd-00b7-41d9-91b6-c4fc325d9cb8-gw-dipped-i-mAOD-qualified","2015-03-12T12:00:00","2015-03-12","29.1","","Good",""
"http://environment.data.gov.uk/hydrology/id/measures/ea15dfcd-00b7-41d9-91b6-c4fc325d9cb8-gw-dipped-i-mAOD-qualified","2015-04-16T12:00:00","2015-04-16","29.06","","Good",""
"http://environment.data.gov.uk/hydrology/id/measures/ea15dfcd-00b7-41d9-91b6-c4fc325d9cb8-gw-dipped-i-mAOD-qualified","2015-05-14T12:00:00","2015-05-14","28.68","","Good",""
"http://environment.data.gov.uk/hydrology/id/measures/ea15dfcd-00b7-41d9-91b6-c4fc325d9cb8-gw-dipped-i-mAOD-qualified","2015-06-16T12:00:00","2015-06-16","27.68","","Good",""
"http://environment.data.gov.uk/hydrology/id/measures/ea15dfcd-00b7-41d9-91b6-c4fc325d9cb8-gw-dipped-i-mAOD-qualified","2015-07-16T12:00:00","2015-07-16","26.98","","Good",""
"http://environment.data.gov.uk/hydrology/id/measures/ea15dfcd-00b7-41d9-91b6-c4fc325d9cb8-gw-dipped-i-mAOD-qualified","2015-08-13T12:00:00","2015-08-13","26.88","","Good",""
"http://environment.data.gov.uk/hydrology/id/measures/ea15dfcd-00b7-41d9-91b6-c4fc325d9cb8-gw-dipped-i-mAOD-qualified","2015-09-07T12:00:00","2015-09-07","26.88","","Good",""
"http://environment.data.gov.uk/hydrology/id/measures/ea15dfcd-00b7-41d9-91b6-c4fc325d9cb8-gw-dipped-i-mAOD-qualified","2015-10-15T12:00:00","2015-10-15","26.58","","Good",""
"http://environment.data.gov.uk/hydrology/id/measures/ea15dfcd-00b7-41d9-91b6-c4fc325d9cb8-gw-dipped-i-mAOD-qualified","2015-11-11T12:00:00","2015-11-11","26.78","","Good",""
"http://environment.data.gov.uk/hydrology/id/measures/ea15dfcd-00b7-41d9-91b6-c4fc325d9cb8-gw-dipped-i-mAOD-qualified","2015-12-16T12:00:00","2015-12-16","27.18","","Good",""
"http://environment.data.gov.uk/hydrology/id/measures/ea15dfcd-00b7-41d9-91b6-c4fc325d9cb8-gw-dipped-i-mAOD-qualified","2016-01-12T12:00:00","2016-01-12","27.58","","Good",""
"http://environment.data.gov.uk/hydrology/id/measures/ea15dfcd-00b7-41d9-91b6-c4fc325d9cb8-gw-dipped-i-mAOD-qualified","2016-02-10T12:00:00","2016-02-10","28.28","","Good",""
"http://environment.data.gov.uk/hydrology/id/measures/ea15dfcd-00b7-41d9-91b6-c4fc325d9cb8-gw-dipped-i-mAOD-qualified","2016-03-09T12:00:00","2016-03-09","28.48","","Good",""
"http://environment.data.gov.uk/hydrology/id/measures/ea15dfcd-00b7-41d9-91b6-c4fc325d9cb8-gw-dipped-i-mAOD-qualified","2016-04-13T12:00:00","2016-04-13","28.68","","Good",""
"http://environment.data.gov.uk/hydrology/id/measures/ea15dfcd-00b7-41d9-91b6-c4fc325d9cb8-gw-dipped-i-mAOD-qualified","2016-05-11T12:00:00","2016-05-11","28.78","","Good",""
"http://environment.data.gov.uk/hydrology/id/measures/ea15dfcd-00b7-41d9-91b6-c4fc325d9cb8-gw-dipped-i-mAOD-qualified","2016-06-21T12:00:00","2016-06-21","28.38","","Good",""
"http://environment.data.gov.uk/hydrology/id/measures/ea15dfcd-00b7-41d9-91b6-c4fc325d9cb8-gw-dipped-i-mAOD-qualified","2016-07-19T12:00:00","2016-07-19","23.7","","Good",""
"http://environment.data.gov.uk/hydrology/id/measures/ea15dfcd-00b7-41d9-91b6-c4fc325d9cb8-gw-dipped-i-mAOD-qualified","2016-08-09T12:00:00","2016-08-09","-6.43","","Good",""
"http://environment.data.gov.uk/hydrology/id/measures/ea15dfcd-00b7-41d9-91b6-c4fc325d9cb8-gw-dipped-i-mAOD-qualified","2016-09-28T12:00:00","2016-09-28","27.08","","Good",""
"http://environment.data.gov.uk/hydrology/id/measures/ea15dfcd-00b7-41d9-91b6-c4fc325d9cb8-gw-dipped-i-mAOD-qualified","2016-10-12T12:00:00","2016-10-12","24.18","","Good",""
"http://environment.data.gov.uk/hydrology/id/measures/ea15dfcd-00b7-41d9-91b6-c4fc325d9cb8-gw-dipped-i-mAOD-qualified","2016-12-19T12:00:00","2016-12-19","26.78","","Good",""
"http://environment.data.gov.uk/hydrology/id/measures/ea15dfcd-00b7-41d9-91b6-c4fc325d9cb8-gw-dipped-i-mAOD-qualified","2017-01-09T12:00:00","2017-01-09","26.79","","Unchecked",""
"http://environment.data.gov.uk/hydrology/id/measures/ea15dfcd-00b7-41d9-91b6-c4fc325d9cb8-gw-dipped-i-mAOD-qualified","2017-02-15T12:00:00","2017-02-15","26.88","","Good",""
"http://environment.data.gov.uk/hydrology/id/measures/ea15dfcd-00b7-41d9-91b6-c4fc325d9cb8-gw-dipped-i-mAOD-qualified","2017-03-16T12:00:00","2017-03-16","27.28","","Good",""
"http://environment.data.gov.uk/hydrology/id/measures/ea15dfcd-00b7-41d9-91b6-c4fc325d9cb8-gw-dipped-i-mAOD-qualified","2017-04-10T12:00:00","2017-04-10","27.48","","Good",""
"http://environment.data.gov.uk/hydrology/id/measures/ea15dfcd-00b7-41d9-91b6-c4fc325d9cb8-gw-dipped-i-mAOD-qualified","2017-05-02T12:00:00","2017-05-02","27.08","","Unchecked",""
"http://environment.data.gov.uk/hydrology/id/measures/ea15dfcd-00b7-41d9-91b6-c4fc325d9cb8-gw-dipped-i-mAOD-qualified","2017-06-05T12:00:00","2017-06-05","16.68","","Good",""
"http://environment.data.gov.uk/hydrology/id/measures/ea15dfcd-00b7-41d9-91b6-c4fc325d9cb8-gw-dipped-i-mAOD-qualified","2017-07-10T12:00:00","2017-07-10","22.08","","Good",""
"http://environment.data.gov.uk/hydrology/id/measures/ea15dfcd-00b7-41d9-91b6-c4fc325d9cb8-gw-dipped-i-mAOD-qualified","2017-08-22T12:00:00","2017-08-22","26.48","","Good",""
"http://environment.data.gov.uk/hydrology/id/measures/ea15dfcd-00b7-41d9-91b6-c4fc325d9cb8-gw-dipped-i-mAOD-qualified","2017-09-19T12:00:00","2017-09-19","27.48","","Good",""
"http://environment.data.gov.uk/hydrology/id/measures/ea15dfcd-00b7-41d9-91b6-c4fc325d9cb8-gw-dipped-i-mAOD-qualified","2017-10-17T12:00:00","2017-10-17","26.28","","Good",""
"http://environment.data.gov.uk/hydrology/id/measures/ea15dfcd-00b7-41d9-91b6-c4fc325d9cb8-gw-dipped-i-mAOD-qualified","2017-11-24T12:00:00","2017-11-24","26.28","","Good",""
"http://environment.data.gov.uk/hydrology/id/measures/ea15dfcd-00b7-41d9-91b6-c4fc325d9cb8-gw-dipped-i-mAOD-qualified","2017-12-20T12:00:00","2017-12-20","26.18","","Good",""
"http://environment.data.gov.uk/hydrology/id/measures/ea15dfcd-00b7-41d9-91b6-c4fc325d9cb8-gw-dipped-i-mAOD-qualified","2018-01-18T12:00:00","2018-01-18","26.74","","Good",""
"http://environment.data.gov.uk/hydrology/id/measures/ea15dfcd-00b7-41d9-91b6-c4fc325d9cb8-gw-dipped-i-mAOD-qualified","2018-02-13T09:00:00","2018-02-13","27.51","","Good",""
"http://environment.data.gov.uk/hydrology/id/measures/ea15dfcd-00b7-41d9-91b6-c4fc325d9cb8-gw-dipped-i-mAOD-qualified","2018-03-21T10:11:00","2018-03-21","28.13","","Good",""
"http://environment.data.gov.uk/hydrology/id/measures/ea15dfcd-00b7-41d9-91b6-c4fc325d9cb8-gw-dipped-i-mAOD-qualified","2018-04-23T11:31:00","2018-04-23","28.68","","Good",""
"http://environment.data.gov.uk/hydrology/id/measures/ea15dfcd-00b7-41d9-91b6-c4fc325d9cb8-gw-dipped-i-mAOD-qualified","2018-05-15T16:35:00","2018-05-15","28.98","","Unchecked",""
"http://environment.data.gov.uk/hydrology/id/measures/ea15dfcd-00b7-41d9-91b6-c4fc325d9cb8-gw-dipped-i-mAOD-qualified","2018-08-20T09:20:00","2018-08-20","26.79","","Good",""
"http://environment.data.gov.uk/hydrology/id/measures/ea15dfcd-00b7-41d9-91b6-c4fc325d9cb8-gw-dipped-i-mAOD-qualified","2018-09-12T11:32:00","2018-09-12","26.4","","Good",""
"http://environment.data.gov.uk/hydrology/id/measures/ea15dfcd-00b7-41d9-91b6-c4fc325d9cb8-gw-dipped-i-mAOD-qualified","2018-10-08T13:44:00","2018-10-08","26.55","","Good",""
"http://environment.data.gov.uk/hydrology/id/measures/ea15dfcd-00b7-41d9-91b6-c4fc325d9cb8-gw-dipped-i-mAOD-qualified","2018-11-16T10:59:00","2018-11-16","26.33","","Good",""
"http://environment.data.gov.uk/hydrology/id/measures/ea15dfcd-00b7-41d9-91b6-c4fc325d9cb8-gw-dipped-i-mAOD-qualified","2018-12-21T12:20:00","2018-12-21","29.29","","Good",""
"http://environment.data.gov.uk/hydrology/id/measures/ea15dfcd-00b7-41d9-91b6-c4fc325d9cb8-gw-dipped-i-mAOD-qualified","2019-01-11T09:31:00","2019-01-11","26.41","","Good",""
"http://environment.data.gov.uk/hydrology/id/measures/ea15dfcd-00b7-41d9-91b6-c4fc325d9cb8-gw-dipped-i-mAOD-qualified","2019-02-12T09:52:00","2019-02-12","26.43","","Good",""
"http://environment.data.gov.uk/hydrology/id/measures/ea15dfcd-00b7-41d9-91b6-c4fc325d9cb8-gw-dipped-i-mAOD-qualified","2019-03-13T09:48:00","2019-03-13","26.49","","Good",""
"http://environment.data.gov.uk/hydrology/id/measures/ea15dfcd-00b7-41d9-91b6-c4fc325d9cb8-gw-dipped-i-mAOD-qualified","2019-04-17T14:42:00","2019-04-17","26.23","","Good",""
"http://environment.data.gov.uk/hydrology/id/measures/ea15dfcd-00b7-41d9-91b6-c4fc325d9cb8-gw-dipped-i-mAOD-qualified","2019-05-16T10:59:00","2019-05-16","26.24","","Unchecked",""
"http://environment.data.gov.uk/hydrology/id/measures/ea15dfcd-00b7-41d9-91b6-c4fc325d9cb8-gw-dipped-i-mAOD-qualified","2019-09-10T08:56:00","2019-09-10","25.35","","Good",""
"http://environment.data.gov.uk/hydrology/id/measures/ea15dfcd-00b7-41d9-91b6-c4fc325d9cb8-gw-dipped-i-mAOD-qualified","2019-10-10T11:11:00","2019-10-10","25.3","","Good",""
"http://environment.data.gov.uk/hydrology/id/measures/ea15dfcd-00b7-41d9-91b6-c4fc325d9cb8-gw-dipped-i-mAOD-qualified","2019-11-11T15:14:00","2019-11-11","25.66","","Good",""
"http://environment.data.gov.uk/hydrology/id/measures/ea15dfcd-00b7-41d9-91b6-c4fc325d9cb8-gw-dipped-i-mAOD-qualified","2019-12-12T09:56:00","2019-12-12","26.24","","Unchecked",""
"http://environment.data.gov.uk/hydrology/id/measures/ea15dfcd-00b7-41d9-91b6-c4fc325d9cb8-gw-dipped-i-mAOD-qualified","2020-01-06T09:45:00","2020-01-06","27.2","","Unchecked",""
"http://environment.data.gov.uk/hydrology/id/measures/ea15dfcd-00b7-41d9-91b6-c4fc325d9cb8-gw-dipped-i-mAOD-qualified","2020-02-05T15:31:00","2020-02-05","28.24","","Good",""
"http://environment.data.gov.uk/hydrology/id/measures/ea15dfcd-00b7-41d9-91b6-c4fc325d9cb8-gw-dipped-i-mAOD-qualified","2020-03-12T13:03:00","2020-03-12","28.97","","Good",""
"http://environment.data.gov.uk/hydrology/id/measures/ea15dfcd-00b7-41d9-91b6-c4fc325d9cb8-gw-dipped-i-mAOD-qualified","2020-11-13T13:36:00","2020-11-13","27.82","","Unchecked",""
"http://environment.data.gov.uk/hydrology/id/measures/ea15dfcd-00b7-41d9-91b6-c4fc325d9cb8-gw-dipped-i-mAOD-qualified","2024-01-04T09:54:00","2024-01-04","29.16","","Good",""
"http://environment.data.gov.uk/hydrology/id/measures/ea15dfcd-00b7-41d9-91b6-c4fc325d9cb8-gw-dipped-i-mAOD-qualified","2024-02-08T09:40:00","2024-02-08","30.03","","Good",""
"http://environment.data.gov.uk/hydrology/id/measures/ea15dfcd-00b7-41d9-91b6-c4fc325d9cb8-gw-dipped-i-mAOD-qualified","2024-03-04T10:19:00","2024-03-04","30.69","","Good",""
"http://environment.data.gov.uk/hydrology/id/measures/ea15dfcd-00b7-41d9-91b6-c4fc325d9cb8-gw-dipped-i-mAOD-qualified","2024-04-05T12:43:00","2024-04-05","31.19","","Good",""
"http://environment.data.gov.uk/hydrology/id/measures/ea15dfcd-00b7-41d9-91b6-c4fc325d9cb8-gw-dipped-i-mAOD-qualified","2024-05-03T13:30:00","2024-05-03","30.95","","Good",""
"http://environment.data.gov.uk/hydrology/id/measures/ea15dfcd-00b7-41d9-91b6-c4fc325d9cb8-gw-dipped-i-mAOD-qualified","2024-07-12T12:46:00","2024-07-12","29.6","","Good",""
"http://environment.data.gov.uk/hydrology/id/measures/ea15dfcd-00b7-41d9-91b6-c4fc325d9cb8-gw-dipped-i-mAOD-qualified","2024-08-12T13:10:00","2024-08-12","28.56","","Unchecked",""
"http://environment.data.gov.uk/hydrology/id/measures/ea15dfcd-00b7-41d9-91b6-c4fc325d9cb8-gw-dipped-i-mAOD-qualified","2024-09-03T12:16:00","2024-09-03","28.49","","Good",""
"http://environment.data.gov.uk/hydrology/id/measures/ea15dfcd-00b7-41d9-91b6-c4fc325d9cb8-gw-dipped-i-mAOD-qualified","2024-10-04T13:20:00","2024-10-04","27.32","","Good",""
"http://environment.data.gov.uk/hydrology/id/measures/ea15dfcd-00b7-41d9-91b6-c4fc325d9cb8-gw-dipped-i-mAOD-qualified","2024-11-04T11:26:00","2024-11-04","28.27","","Good",""
"http://environment.data.gov.uk/hydrology/id/measures/ea15dfcd-00b7-41d9-91b6-c4fc325d9cb8-gw-dipped-i-mAOD-qualified","2024-12-02T11:18:00","2024-12-02","28.12","","Good",""
"http://environment.data.gov.uk/hydrology/id/measures/ea15dfcd-00b7-41d9-91b6-c4fc325d9cb8-gw-dipped-i-mAOD-qualified","2025-01-10T13:16:00","2025-01-10","28.59","","Good",""
"http://environment.data.gov.uk/hydrology/id/measures/ea15dfcd-00b7-41d9-91b6-c4fc325d9cb8-gw-dipped-i-mAOD-qualified","2025-02-10T12:27:00","2025-02-10","28.83","","Good",""
"http://environment.data.gov.uk/hydrology/id/measures/ea15dfcd-00b7-41d9-91b6-c4fc325d9cb8-gw-dipped-i-mAOD-qualified","2025-03-03T10:56:00","2025-03-03","28.79","","Good",""
"http://environment.data.gov.uk/hydrology/id/measures/ea15dfcd-00b7-41d9-91b6-c4fc325d9cb8-gw-dipped-i-mAOD-qualified","2025-04-04T09:41:00","2025-04-04","28.9","","Good",""
"http://environment.data.gov.uk/hydrology/id/measures/ea15dfcd-00b7-41d9-91b6-c4fc325d9cb8-gw-dipped-i-mAOD-qualified","2025-05-01T10:43:00","2025-05-01","28.42","","Unchecked",""
"http://environment.data.gov.uk/hydrology/id/measures/ea15dfcd-00b7-41d9-91b6-c4fc325d9cb8-gw-dipped-i-mAOD-qualified","2025-07-07T10:23:00","2025-07-07","26.51","","Good",""
"http://environment.data.gov.uk/hydrology/id/measures/ea15dfcd-00b7-41d9-91b6-c4fc325d9cb8-gw-dipped-i-mAOD-qualified","2025-08-11T09:55:00","2025-08-11","26.32","","Good",""
"http://environment.data.gov.uk/hydrology/id/measures/ea15dfcd-00b7-41d9-91b6-c4fc325d9cb8-gw-dipped-i-mAOD-qualified","2025-09-04T13:45:00","2025-09-04","26.48","","Good",""
"http://environment.data.gov.uk/hydrology/id/measures/ea15dfcd-00b7-41d9-91b6-c4fc325d9cb8-gw-dipped-i-mAOD-qualified","2025-10-13T10:41:42","2025-10-13","25.43","","Good",""
"http://environment.data.gov.uk/hydrology/id/measures/ea15dfcd-00b7-41d9-91b6-c4fc325d9cb8-gw-dipped-i-mAOD-qualified","2025-11-04T09:51:02","2025-11-04","26.35","","Good",""
"http://environment.data.gov.uk/hydrology/id/measures/ea15dfcd-00b7-41d9-91b6-c4fc325d9cb8-gw-dipped-i-mAOD-qualified","2025-12-01T11:32:03","2025-12-01","26.81","","Good",""
"http://environment.data.gov.uk/hydrology/id/measures/ea15dfcd-00b7-41d9-91b6-c4fc325d9cb8-gw-dipped-i-mAOD-qualified","2026-01-06T11:53:25","2026-01-06","27.67","","Good",""
"http://environment.data.gov.uk/hydrology/id/measures/ea15dfcd-00b7-41d9-91b6-c4fc325d9cb8-gw-dipped-i-mAOD-qualified","2026-02-04T09:58:15","2026-02-04","28.07","","Good",""
"http://environment.data.gov.uk/hydrology/id/measures/ea15dfcd-00b7-41d9-91b6-c4fc325d9cb8-gw-dipped-i-mAOD-qualified","2026-03-02T11:25:00","2026-03-02","28.89","","Good",""
"http://environment.data.gov.uk/hydrology/id/measures/ea15dfcd-00b7-41d9-91b6-c4fc325d9cb8-gw-dipped-i-mAOD-qualified","2026-04-10T09:17:22","2026-04-10","29.3","","Good",""
